{"type": "FeatureCollection", "features": [{"type": "Feature", "geometry": {"type": "Polygon", "coordinates": [[[55.42, 25.22], [55.44, 25.22], [55.44, 25.240000000000002], [55.42, 25.240000000000002], [55.42, 25.22]]]}, "properties": {"cell_id": "61_71", "zone_name": "", "demand": 67, "competitors": 3, "residential": 3, "industrial": 0, "residential_catchment": true, "coverage": 1, "covered_by": "bd_mirdif_35", "nearest_group_km": 0.39, "opportunity": "SKIP", "reason": "Insufficient demand (67 retail POIs)."}}, {"type": "Feature", "geometry": {"type": "Polygon", "coordinates": [[[55.300000000000004, 25.24], [55.32, 25.24], [55.32, 25.26], [55.300000000000004, 25.26], [55.300000000000004, 25.24]]]}, "properties": {"cell_id": "62_65", "zone_name": "Al Karama, Dubai", "demand": 721, "competitors": 70, "residential": 5, "industrial": 0, "residential_catchment": true, "coverage": 0, "covered_by": "", "nearest_group_km": 5.31, "opportunity": "WATCH", "reason": "High demand (721 retail POIs) but saturated market (70 competitors)."}}, {"type": "Feature", "geometry": {"type": "Polygon", "coordinates": [[[55.300000000000004, 25.259999999999998], [55.32, 25.259999999999998], [55.32, 25.28], [55.300000000000004, 25.28], [55.300000000000004, 25.259999999999998]]]}, "properties": {"cell_id": "63_65", "zone_name": "Naif, Dubai", "demand": 3485, "competitors": 106, "residential": 3, "industrial": 0, "residential_catchment": true, "coverage": 0, "covered_by": "", "nearest_group_km": 6.76, "opportunity": "WATCH", "reason": "High demand (3485 retail POIs) but saturated market (106 competitors)."}}, {"type": "Feature", "geometry": {"type": "Polygon", "coordinates": [[[55.32, 25.259999999999998], [55.339999999999996, 25.259999999999998], [55.339999999999996, 25.28], [55.32, 25.28], [55.32, 25.259999999999998]]]}, "properties": {"cell_id": "63_66", "zone_name": "Al Muraqqabat, Dubai", "demand": 805, "competitors": 60, "residential": 2, "industrial": 0, "residential_catchment": true, "coverage": 0, "covered_by": "", "nearest_group_km": 5.79, "opportunity": "WATCH", "reason": "High demand (805 retail POIs) but saturated market (60 competitors)."}}, {"type": "Feature", "geometry": {"type": "Polygon", "coordinates": [[[55.22, 25.16], [55.239999999999995, 25.16], [55.239999999999995, 25.180000000000003], [55.22, 25.180000000000003], [55.22, 25.16]]]}, "properties": {"cell_id": "58_61", "zone_name": "Al Safa, Dubai", "demand": 97, "competitors": 11, "residential": 13, "industrial": 1, "residential_catchment": true, "coverage": 0, "covered_by": "", "nearest_group_km": 4.36, "opportunity": "GROW", "reason": "High demand (97 retail POIs) with no group catchment reaching it; moderate competition (11 salons). Nearest group site 4.36 km away."}}, {"type": "Feature", "geometry": {"type": "Polygon", "coordinates": [[[55.1, 25.04], [55.12, 25.04], [55.12, 25.060000000000002], [55.1, 25.060000000000002], [55.1, 25.04]]]}, "properties": {"cell_id": "52_55", "zone_name": "", "demand": 25, "competitors": 0, "residential": 1, "industrial": 8, "residential_catchment": false, "coverage": 0, "covered_by": "", "nearest_group_km": 4.24, "opportunity": "SKIP", "reason": "Insufficient demand (25 retail POIs)."}}, {"type": "Feature", "geometry": {"type": "Polygon", "coordinates": [[[55.34, 25.279999999999998], [55.36, 25.279999999999998], [55.36, 25.3], [55.34, 25.3], [55.34, 25.279999999999998]]]}, "properties": {"cell_id": "64_67", "zone_name": "Al Mamzar, Dubai", "demand": 185, "competitors": 38, "residential": 5, "industrial": 18, "residential_catchment": false, "coverage": 0, "covered_by": "", "nearest_group_km": 7.54, "opportunity": "WATCH", "reason": "High demand (185 retail POIs) but saturated market (38 competitors) and no residential catchment (5 residential vs 18 industrial land parcels within 2 km) - the demand is there but the resident customer base is not."}}, {"type": "Feature", "geometry": {"type": "Polygon", "coordinates": [[[55.38, 25.22], [55.4, 25.22], [55.4, 25.240000000000002], [55.38, 25.240000000000002], [55.38, 25.22]]]}, "properties": {"cell_id": "61_69", "zone_name": "", "demand": 59, "competitors": 4, "residential": 2, "industrial": 7, "residential_catchment": false, "coverage": 0, "covered_by": "", "nearest_group_km": 2.39, "opportunity": "SKIP", "reason": "Insufficient demand (59 retail POIs)."}}, {"type": "Feature", "geometry": {"type": "Polygon", "coordinates": [[[55.36, 25.299999999999997], [55.379999999999995, 25.299999999999997], [55.379999999999995, 25.32], [55.36, 25.32], [55.36, 25.299999999999997]]]}, "properties": {"cell_id": "65_68", "zone_name": "Al Khan, Sharjah", "demand": 431, "competitors": 70, "residential": 3, "industrial": 0, "residential_catchment": true, "coverage": 0, "covered_by": "", "nearest_group_km": 6.42, "opportunity": "WATCH", "reason": "High demand (431 retail POIs) but saturated market (70 competitors)."}}, {"type": "Feature", "geometry": {"type": "Polygon", "coordinates": [[[55.14, 25.08], [55.16, 25.08], [55.16, 25.1], [55.14, 25.1], [55.14, 25.08]]]}, "properties": {"cell_id": "54_57", "zone_name": "Al Sufouh 2, Dubai", "demand": 182, "competitors": 18, "residential": 34, "industrial": 6, "residential_catchment": true, "coverage": 1, "covered_by": "tt_dubai_marina_mall", "nearest_group_km": 1.27, "opportunity": "WATCH", "reason": "High demand (182 retail POIs) but already covered by 1 group site(s)."}}, {"type": "Feature", "geometry": {"type": "Polygon", "coordinates": [[[55.38, 25.36], [55.4, 25.36], [55.4, 25.380000000000003], [55.38, 25.380000000000003], [55.38, 25.36]]]}, "properties": {"cell_id": "68_69", "zone_name": "Khalid Port, Sharjah", "demand": 350, "competitors": 18, "residential": 12, "industrial": 2, "residential_catchment": true, "coverage": 0, "covered_by": "", "nearest_group_km": 5.9, "opportunity": "GROW", "reason": "High demand (350 retail POIs) with no group catchment reaching it; moderate competition (18 salons). Nearest group site 5.9 km away."}}, {"type": "Feature", "geometry": {"type": "Polygon", "coordinates": [[[55.36, 25.34], [55.379999999999995, 25.34], [55.379999999999995, 25.360000000000003], [55.36, 25.360000000000003], [55.36, 25.34]]]}, "properties": {"cell_id": "67_68", "zone_name": "", "demand": 24, "competitors": 3, "residential": 14, "industrial": 4, "residential_catchment": true, "coverage": 0, "covered_by": "", "nearest_group_km": 6.38, "opportunity": "SKIP", "reason": "Insufficient demand (24 retail POIs)."}}, {"type": "Feature", "geometry": {"type": "Polygon", "coordinates": [[[55.260000000000005, 25.18], [55.28, 25.18], [55.28, 25.200000000000003], [55.260000000000005, 25.200000000000003], [55.260000000000005, 25.18]]]}, "properties": {"cell_id": "59_63", "zone_name": "Business Bay, Dubai", "demand": 273, "competitors": 7, "residential": 43, "industrial": 4, "residential_catchment": true, "coverage": 1, "covered_by": "tt_business_bay", "nearest_group_km": 0.28, "opportunity": "WATCH", "reason": "High demand (273 retail POIs) but already covered by 1 group site(s)."}}, {"type": "Feature", "geometry": {"type": "Polygon", "coordinates": [[[55.22, 25.139999999999997], [55.239999999999995, 25.139999999999997], [55.239999999999995, 25.16], [55.22, 25.16], [55.22, 25.139999999999997]]]}, "properties": {"cell_id": "57_61", "zone_name": "Al Quoz Industrial 1, Dubai", "demand": 106, "competitors": 0, "residential": 18, "industrial": 6, "residential_catchment": true, "coverage": 0, "covered_by": "", "nearest_group_km": 4.33, "opportunity": "GROW", "reason": "High demand (106 retail POIs) with no group catchment reaching it; moderate competition (0 salons). Nearest group site 4.33 km away."}}, {"type": "Feature", "geometry": {"type": "Polygon", "coordinates": [[[55.24, 25.16], [55.26, 25.16], [55.26, 25.180000000000003], [55.24, 25.180000000000003], [55.24, 25.16]]]}, "properties": {"cell_id": "58_62", "zone_name": "Al Quoz 1, Dubai", "demand": 136, "competitors": 11, "residential": 19, "industrial": 2, "residential_catchment": true, "coverage": 0, "covered_by": "", "nearest_group_km": 2.82, "opportunity": "GROW", "reason": "High demand (136 retail POIs) with no group catchment reaching it; moderate competition (11 salons). Nearest group site 2.82 km away."}}, {"type": "Feature", "geometry": {"type": "Polygon", "coordinates": [[[55.22, 25.099999999999998], [55.239999999999995, 25.099999999999998], [55.239999999999995, 25.12], [55.22, 25.12], [55.22, 25.099999999999998]]]}, "properties": {"cell_id": "55_61", "zone_name": "", "demand": 74, "competitors": 0, "residential": 10, "industrial": 6, "residential_catchment": true, "coverage": 0, "covered_by": "", "nearest_group_km": 1.49, "opportunity": "SKIP", "reason": "Insufficient demand (74 retail POIs)."}}, {"type": "Feature", "geometry": {"type": "Polygon", "coordinates": [[[55.4, 25.299999999999997], [55.419999999999995, 25.299999999999997], [55.419999999999995, 25.32], [55.4, 25.32], [55.4, 25.299999999999997]]]}, "properties": {"cell_id": "65_70", "zone_name": "Industrial Area, Sharjah", "demand": 173, "competitors": 1, "residential": 0, "industrial": 8, "residential_catchment": false, "coverage": 0, "covered_by": "", "nearest_group_km": 3.01, "opportunity": "WATCH", "reason": "High demand (173 retail POIs) but no residential catchment (0 residential vs 8 industrial land parcels within 2 km) - the demand is there but the resident customer base is not."}}, {"type": "Feature", "geometry": {"type": "Polygon", "coordinates": [[[55.42, 25.299999999999997], [55.44, 25.299999999999997], [55.44, 25.32], [55.42, 25.32], [55.42, 25.299999999999997]]]}, "properties": {"cell_id": "65_71", "zone_name": "", "demand": 77, "competitors": 0, "residential": 0, "industrial": 6, "residential_catchment": false, "coverage": 0, "covered_by": "", "nearest_group_km": 2.28, "opportunity": "SKIP", "reason": "Insufficient demand (77 retail POIs)."}}, {"type": "Feature", "geometry": {"type": "Polygon", "coordinates": [[[55.46, 25.38], [55.48, 25.38], [55.48, 25.400000000000002], [55.46, 25.400000000000002], [55.46, 25.38]]]}, "properties": {"cell_id": "69_73", "zone_name": "Al Nuaimia, Ajman", "demand": 329, "competitors": 22, "residential": 8, "industrial": 5, "residential_catchment": true, "coverage": 0, "covered_by": "", "nearest_group_km": 7.74, "opportunity": "WATCH", "reason": "High demand (329 retail POIs) but saturated market (22 competitors)."}}, {"type": "Feature", "geometry": {"type": "Polygon", "coordinates": [[[55.2, 25.119999999999997], [55.22, 25.119999999999997], [55.22, 25.14], [55.2, 25.14], [55.2, 25.119999999999997]]]}, "properties": {"cell_id": "56_60", "zone_name": "Umm Al Sheif, Dubai", "demand": 129, "competitors": 1, "residential": 4, "industrial": 3, "residential_catchment": true, "coverage": 0, "covered_by": "", "nearest_group_km": 1.95, "opportunity": "GROW", "reason": "High demand (129 retail POIs) with no group catchment reaching it; moderate competition (1 salons). Nearest group site 1.95 km away."}}, {"type": "Feature", "geometry": {"type": "Polygon", "coordinates": [[[55.32, 25.24], [55.339999999999996, 25.24], [55.339999999999996, 25.26], [55.32, 25.26], [55.32, 25.24]]]}, "properties": {"cell_id": "62_66", "zone_name": "Port Saeed, Dubai", "demand": 272, "competitors": 19, "residential": 4, "industrial": 1, "residential_catchment": true, "coverage": 0, "covered_by": "", "nearest_group_km": 3.86, "opportunity": "GROW", "reason": "High demand (272 retail POIs) with no group catchment reaching it; moderate competition (19 salons). Nearest group site 3.86 km away."}}, {"type": "Feature", "geometry": {"type": "Polygon", "coordinates": [[[55.28, 25.24], [55.3, 25.24], [55.3, 25.26], [55.28, 25.26], [55.28, 25.24]]]}, "properties": {"cell_id": "62_64", "zone_name": "Al Mankhool, Dubai", "demand": 333, "competitors": 23, "residential": 84, "industrial": 1, "residential_catchment": true, "coverage": 0, "covered_by": "", "nearest_group_km": 3.97, "opportunity": "WATCH", "reason": "High demand (333 retail POIs) but saturated market (23 competitors)."}}, {"type": "Feature", "geometry": {"type": "Polygon", "coordinates": [[[55.160000000000004, 25.04], [55.18, 25.04], [55.18, 25.060000000000002], [55.160000000000004, 25.060000000000002], [55.160000000000004, 25.04]]]}, "properties": {"cell_id": "52_58", "zone_name": "", "demand": 23, "competitors": 3, "residential": 85, "industrial": 2, "residential_catchment": true, "coverage": 1, "covered_by": "bd_jumeirah_park", "nearest_group_km": 1.27, "opportunity": "SKIP", "reason": "Insufficient demand (23 retail POIs)."}}, {"type": "Feature", "geometry": {"type": "Polygon", "coordinates": [[[55.18, 25.119999999999997], [55.199999999999996, 25.119999999999997], [55.199999999999996, 25.14], [55.18, 25.14], [55.18, 25.119999999999997]]]}, "properties": {"cell_id": "56_59", "zone_name": "", "demand": 41, "competitors": 3, "residential": 4, "industrial": 2, "residential_catchment": true, "coverage": 0, "covered_by": "", "nearest_group_km": 3.19, "opportunity": "SKIP", "reason": "Insufficient demand (41 retail POIs)."}}, {"type": "Feature", "geometry": {"type": "Polygon", "coordinates": [[[55.22, 25.119999999999997], [55.239999999999995, 25.119999999999997], [55.239999999999995, 25.14], [55.22, 25.14], [55.22, 25.119999999999997]]]}, "properties": {"cell_id": "56_61", "zone_name": "Al Quoz Industrial 3, Dubai", "demand": 97, "competitors": 3, "residential": 1, "industrial": 17, "residential_catchment": false, "coverage": 0, "covered_by": "", "nearest_group_km": 2.36, "opportunity": "WATCH", "reason": "High demand (97 retail POIs) but no residential catchment (1 residential vs 17 industrial land parcels within 2 km) - the demand is there but the resident customer base is not."}}, {"type": "Feature", "geometry": {"type": "Polygon", "coordinates": [[[55.28, 25.22], [55.3, 25.22], [55.3, 25.240000000000002], [55.28, 25.240000000000002], [55.28, 25.22]]]}, "properties": {"cell_id": "61_64", "zone_name": "Zabeel, Dubai", "demand": 84, "competitors": 6, "residential": 126, "industrial": 2, "residential_catchment": true, "coverage": 0, "covered_by": "", "nearest_group_km": 3.81, "opportunity": "GROW", "reason": "High demand (84 retail POIs) with no group catchment reaching it; moderate competition (6 salons). Nearest group site 3.81 km away."}}, {"type": "Feature", "geometry": {"type": "Polygon", "coordinates": [[[55.300000000000004, 25.22], [55.32, 25.22], [55.32, 25.240000000000002], [55.300000000000004, 25.240000000000002], [55.300000000000004, 25.22]]]}, "properties": {"cell_id": "61_65", "zone_name": "Zabeel, Dubai", "demand": 183, "competitors": 9, "residential": 64, "industrial": 0, "residential_catchment": true, "coverage": 0, "covered_by": "", "nearest_group_km": 4.39, "opportunity": "GROW", "reason": "High demand (183 retail POIs) with no group catchment reaching it; moderate competition (9 salons). Nearest group site 4.39 km away."}}, {"type": "Feature", "geometry": {"type": "Polygon", "coordinates": [[[55.120000000000005, 25.08], [55.14, 25.08], [55.14, 25.1], [55.120000000000005, 25.1], [55.120000000000005, 25.08]]]}, "properties": {"cell_id": "54_56", "zone_name": "", "demand": 23, "competitors": 1, "residential": 10, "industrial": 2, "residential_catchment": true, "coverage": 2, "covered_by": "tt_dubai_marina_mall;tt_marina_vista", "nearest_group_km": 1.25, "opportunity": "SKIP", "reason": "Insufficient demand (23 retail POIs)."}}, {"type": "Feature", "geometry": {"type": "Polygon", "coordinates": [[[55.32, 25.22], [55.339999999999996, 25.22], [55.339999999999996, 25.240000000000002], [55.32, 25.240000000000002], [55.32, 25.22]]]}, "properties": {"cell_id": "61_66", "zone_name": "", "demand": 19, "competitors": 0, "residential": 7, "industrial": 2, "residential_catchment": true, "coverage": 0, "covered_by": "", "nearest_group_km": 2.45, "opportunity": "SKIP", "reason": "Insufficient demand (19 retail POIs)."}}, {"type": "Feature", "geometry": {"type": "Polygon", "coordinates": [[[55.28, 25.259999999999998], [55.3, 25.259999999999998], [55.3, 25.28], [55.28, 25.28], [55.28, 25.259999999999998]]]}, "properties": {"cell_id": "63_64", "zone_name": "Al Shindagha, Dubai", "demand": 798, "competitors": 7, "residential": 7, "industrial": 0, "residential_catchment": true, "coverage": 0, "covered_by": "", "nearest_group_km": 5.14, "opportunity": "GROW", "reason": "High demand (798 retail POIs) with no group catchment reaching it; moderate competition (7 salons). Nearest group site 5.14 km away."}}, {"type": "Feature", "geometry": {"type": "Polygon", "coordinates": [[[55.14, 25.099999999999998], [55.16, 25.099999999999998], [55.16, 25.12], [55.14, 25.12], [55.14, 25.099999999999998]]]}, "properties": {"cell_id": "55_57", "zone_name": "", "demand": 43, "competitors": 4, "residential": 39, "industrial": 2, "residential_catchment": true, "coverage": 0, "covered_by": "", "nearest_group_km": 1.71, "opportunity": "SKIP", "reason": "Insufficient demand (43 retail POIs)."}}, {"type": "Feature", "geometry": {"type": "Polygon", "coordinates": [[[55.160000000000004, 25.08], [55.18, 25.08], [55.18, 25.1], [55.160000000000004, 25.1], [55.160000000000004, 25.08]]]}, "properties": {"cell_id": "54_58", "zone_name": "Al Thanyah 3, Dubai", "demand": 128, "competitors": 13, "residential": 33, "industrial": 1, "residential_catchment": true, "coverage": 1, "covered_by": "tt_the_greens_souk", "nearest_group_km": 0.32, "opportunity": "WATCH", "reason": "High demand (128 retail POIs) but already covered by 1 group site(s)."}}, {"type": "Feature", "geometry": {"type": "Polygon", "coordinates": [[[55.36, 25.279999999999998], [55.379999999999995, 25.279999999999998], [55.379999999999995, 25.3], [55.36, 25.3], [55.36, 25.279999999999998]]]}, "properties": {"cell_id": "64_68", "zone_name": "Al Nahda, Dubai", "demand": 476, "competitors": 58, "residential": 3, "industrial": 9, "residential_catchment": false, "coverage": 0, "covered_by": "", "nearest_group_km": 7.5, "opportunity": "WATCH", "reason": "High demand (476 retail POIs) but saturated market (58 competitors) and no residential catchment (3 residential vs 9 industrial land parcels within 2 km) - the demand is there but the resident customer base is not."}}, {"type": "Feature", "geometry": {"type": "Polygon", "coordinates": [[[55.38, 25.279999999999998], [55.4, 25.279999999999998], [55.4, 25.3], [55.38, 25.3], [55.38, 25.279999999999998]]]}, "properties": {"cell_id": "64_69", "zone_name": "Al Qusais Industrial Area, Dubai", "demand": 275, "competitors": 24, "residential": 0, "industrial": 4, "residential_catchment": false, "coverage": 0, "covered_by": "", "nearest_group_km": 6.01, "opportunity": "WATCH", "reason": "High demand (275 retail POIs) but saturated market (24 competitors) and no residential catchment (0 residential vs 4 industrial land parcels within 2 km) - the demand is there but the resident customer base is not."}}, {"type": "Feature", "geometry": {"type": "Polygon", "coordinates": [[[55.4, 25.34], [55.419999999999995, 25.34], [55.419999999999995, 25.360000000000003], [55.4, 25.360000000000003], [55.4, 25.34]]]}, "properties": {"cell_id": "67_70", "zone_name": "Halwan, Sharjah", "demand": 604, "competitors": 46, "residential": 12, "industrial": 2, "residential_catchment": true, "coverage": 0, "covered_by": "", "nearest_group_km": 2.91, "opportunity": "WATCH", "reason": "High demand (604 retail POIs) but saturated market (46 competitors)."}}, {"type": "Feature", "geometry": {"type": "Polygon", "coordinates": [[[55.38, 25.299999999999997], [55.4, 25.299999999999997], [55.4, 25.32], [55.38, 25.32], [55.38, 25.299999999999997]]]}, "properties": {"cell_id": "65_69", "zone_name": "Industrial Area, Sharjah", "demand": 429, "competitors": 42, "residential": 1, "industrial": 4, "residential_catchment": false, "coverage": 0, "covered_by": "", "nearest_group_km": 4.59, "opportunity": "WATCH", "reason": "High demand (429 retail POIs) but saturated market (42 competitors) and no residential catchment (1 residential vs 4 industrial land parcels within 2 km) - the demand is there but the resident customer base is not."}}, {"type": "Feature", "geometry": {"type": "Polygon", "coordinates": [[[55.38, 25.319999999999997], [55.4, 25.319999999999997], [55.4, 25.34], [55.38, 25.34], [55.38, 25.319999999999997]]]}, "properties": {"cell_id": "66_69", "zone_name": "Al Majaz, Sharjah", "demand": 964, "competitors": 124, "residential": 2, "industrial": 2, "residential_catchment": false, "coverage": 0, "covered_by": "", "nearest_group_km": 3.99, "opportunity": "WATCH", "reason": "High demand (964 retail POIs) but saturated market (124 competitors) and no residential catchment (2 residential vs 2 industrial land parcels within 2 km) - the demand is there but the resident customer base is not."}}, {"type": "Feature", "geometry": {"type": "Polygon", "coordinates": [[[55.34, 25.259999999999998], [55.36, 25.259999999999998], [55.36, 25.28], [55.34, 25.28], [55.34, 25.259999999999998]]]}, "properties": {"cell_id": "63_67", "zone_name": "Dubai International Airport", "demand": 168, "competitors": 10, "residential": 5, "industrial": 19, "residential_catchment": false, "coverage": 0, "covered_by": "", "nearest_group_km": 5.33, "opportunity": "WATCH", "reason": "High demand (168 retail POIs) but no residential catchment (5 residential vs 19 industrial land parcels within 2 km) - the demand is there but the resident customer base is not."}}, {"type": "Feature", "geometry": {"type": "Polygon", "coordinates": [[[55.260000000000005, 25.2], [55.28, 25.2], [55.28, 25.220000000000002], [55.260000000000005, 25.220000000000002], [55.260000000000005, 25.2]]]}, "properties": {"cell_id": "60_63", "zone_name": "Al Satwa, Dubai", "demand": 205, "competitors": 17, "residential": 77, "industrial": 27, "residential_catchment": true, "coverage": 1, "covered_by": "bd_city_walk", "nearest_group_km": 1.08, "opportunity": "WATCH", "reason": "High demand (205 retail POIs) but already covered by 1 group site(s)."}}, {"type": "Feature", "geometry": {"type": "Polygon", "coordinates": [[[55.440000000000005, 25.299999999999997], [55.46, 25.299999999999997], [55.46, 25.32], [55.440000000000005, 25.32], [55.440000000000005, 25.299999999999997]]]}, "properties": {"cell_id": "65_72", "zone_name": "", "demand": 60, "competitors": 1, "residential": 42, "industrial": 3, "residential_catchment": true, "coverage": 0, "covered_by": "", "nearest_group_km": 3.08, "opportunity": "SKIP", "reason": "Insufficient demand (60 retail POIs)."}}, {"type": "Feature", "geometry": {"type": "Polygon", "coordinates": [[[55.1, 25.02], [55.12, 25.02], [55.12, 25.040000000000003], [55.1, 25.040000000000003], [55.1, 25.02]]]}, "properties": {"cell_id": "51_55", "zone_name": "", "demand": 30, "competitors": 3, "residential": 4, "industrial": 11, "residential_catchment": false, "coverage": 0, "covered_by": "", "nearest_group_km": 4.26, "opportunity": "SKIP", "reason": "Insufficient demand (30 retail POIs)."}}, {"type": "Feature", "geometry": {"type": "Polygon", "coordinates": [[[55.18, 25.099999999999998], [55.199999999999996, 25.099999999999998], [55.199999999999996, 25.12], [55.18, 25.12], [55.18, 25.099999999999998]]]}, "properties": {"cell_id": "55_59", "zone_name": "Al Barsha 1, Dubai", "demand": 217, "competitors": 29, "residential": 31, "industrial": 7, "residential_catchment": true, "coverage": 0, "covered_by": "", "nearest_group_km": 2.61, "opportunity": "WATCH", "reason": "High demand (217 retail POIs) but saturated market (29 competitors)."}}, {"type": "Feature", "geometry": {"type": "Polygon", "coordinates": [[[55.38, 25.34], [55.4, 25.34], [55.4, 25.360000000000003], [55.38, 25.360000000000003], [55.38, 25.34]]]}, "properties": {"cell_id": "67_69", "zone_name": "Al Qasimia, Sharjah", "demand": 1680, "competitors": 134, "residential": 14, "industrial": 1, "residential_catchment": true, "coverage": 0, "covered_by": "", "nearest_group_km": 4.53, "opportunity": "WATCH", "reason": "High demand (1680 retail POIs) but saturated market (134 competitors)."}}, {"type": "Feature", "geometry": {"type": "Polygon", "coordinates": [[[55.14, 25.06], [55.16, 25.06], [55.16, 25.080000000000002], [55.14, 25.080000000000002], [55.14, 25.06]]]}, "properties": {"cell_id": "53_57", "zone_name": "", "demand": 192, "competitors": 19, "residential": 83, "industrial": 1, "residential_catchment": true, "coverage": 2, "covered_by": "tt_dubai_marina_mall;tt_meadows_mall", "nearest_group_km": 0.76, "opportunity": "SKIP", "reason": "Fully covered by 2 group sites."}}, {"type": "Feature", "geometry": {"type": "Polygon", "coordinates": [[[55.2, 25.139999999999997], [55.22, 25.139999999999997], [55.22, 25.16], [55.2, 25.16], [55.2, 25.139999999999997]]]}, "properties": {"cell_id": "57_60", "zone_name": "", "demand": 64, "competitors": 13, "residential": 8, "industrial": 0, "residential_catchment": true, "coverage": 0, "covered_by": "", "nearest_group_km": 4.11, "opportunity": "SKIP", "reason": "Insufficient demand (64 retail POIs)."}}, {"type": "Feature", "geometry": {"type": "Polygon", "coordinates": [[[55.36, 25.259999999999998], [55.379999999999995, 25.259999999999998], [55.379999999999995, 25.28], [55.36, 25.28], [55.36, 25.259999999999998]]]}, "properties": {"cell_id": "63_68", "zone_name": "Al Twar, Dubai", "demand": 109, "competitors": 5, "residential": 6, "industrial": 20, "residential_catchment": false, "coverage": 0, "covered_by": "", "nearest_group_km": 5.6, "opportunity": "WATCH", "reason": "High demand (109 retail POIs) but no residential catchment (6 residential vs 20 industrial land parcels within 2 km) - the demand is there but the resident customer base is not."}}, {"type": "Feature", "geometry": {"type": "Polygon", "coordinates": [[[55.38, 25.119999999999997], [55.4, 25.119999999999997], [55.4, 25.14], [55.38, 25.14], [55.38, 25.119999999999997]]]}, "properties": {"cell_id": "56_69", "zone_name": "", "demand": 15, "competitors": 0, "residential": 11, "industrial": 3, "residential_catchment": true, "coverage": 0, "covered_by": "", "nearest_group_km": 2.58, "opportunity": "SKIP", "reason": "Insufficient demand (15 retail POIs)."}}, {"type": "Feature", "geometry": {"type": "Polygon", "coordinates": [[[55.38, 25.099999999999998], [55.4, 25.099999999999998], [55.4, 25.12], [55.38, 25.12], [55.38, 25.099999999999998]]]}, "properties": {"cell_id": "55_69", "zone_name": "", "demand": 76, "competitors": 10, "residential": 7, "industrial": 4, "residential_catchment": true, "coverage": 1, "covered_by": "tt_dubai_silicon_central", "nearest_group_km": 1.54, "opportunity": "SKIP", "reason": "Insufficient demand (76 retail POIs)."}}, {"type": "Feature", "geometry": {"type": "Polygon", "coordinates": [[[55.120000000000005, 25.06], [55.14, 25.06], [55.14, 25.080000000000002], [55.120000000000005, 25.080000000000002], [55.120000000000005, 25.06]]]}, "properties": {"cell_id": "53_56", "zone_name": "Al Thanyah 5, Dubai", "demand": 260, "competitors": 25, "residential": 29, "industrial": 5, "residential_catchment": true, "coverage": 1, "covered_by": "tt_dubai_marina_mall", "nearest_group_km": 1.27, "opportunity": "WATCH", "reason": "High demand (260 retail POIs) but saturated market (25 competitors) and already covered by 1 group site(s)."}}, {"type": "Feature", "geometry": {"type": "Polygon", "coordinates": [[[55.4, 25.139999999999997], [55.419999999999995, 25.139999999999997], [55.419999999999995, 25.16], [55.4, 25.16], [55.4, 25.139999999999997]]]}, "properties": {"cell_id": "57_70", "zone_name": "", "demand": 33, "competitors": 4, "residential": 11, "industrial": 6, "residential_catchment": true, "coverage": 0, "covered_by": "", "nearest_group_km": 4.21, "opportunity": "SKIP", "reason": "Insufficient demand (33 retail POIs)."}}, {"type": "Feature", "geometry": {"type": "Polygon", "coordinates": [[[55.4, 25.18], [55.419999999999995, 25.18], [55.419999999999995, 25.200000000000003], [55.4, 25.200000000000003], [55.4, 25.18]]]}, "properties": {"cell_id": "59_70", "zone_name": "", "demand": 66, "competitors": 3, "residential": 3, "industrial": 1, "residential_catchment": true, "coverage": 0, "covered_by": "", "nearest_group_km": 2.88, "opportunity": "SKIP", "reason": "Insufficient demand (66 retail POIs)."}}, {"type": "Feature", "geometry": {"type": "Polygon", "coordinates": [[[55.160000000000004, 25.099999999999998], [55.18, 25.099999999999998], [55.18, 25.12], [55.160000000000004, 25.12], [55.160000000000004, 25.099999999999998]]]}, "properties": {"cell_id": "55_58", "zone_name": "", "demand": 58, "competitors": 3, "residential": 29, "industrial": 9, "residential_catchment": true, "coverage": 0, "covered_by": "", "nearest_group_km": 1.9, "opportunity": "SKIP", "reason": "Insufficient demand (58 retail POIs)."}}, {"type": "Feature", "geometry": {"type": "Polygon", "coordinates": [[[55.440000000000005, 25.38], [55.46, 25.38], [55.46, 25.400000000000002], [55.440000000000005, 25.400000000000002], [55.440000000000005, 25.38]]]}, "properties": {"cell_id": "69_72", "zone_name": "Al Nuaimia, Ajman", "demand": 513, "competitors": 57, "residential": 6, "industrial": 1, "residential_catchment": true, "coverage": 0, "covered_by": "", "nearest_group_km": 6.88, "opportunity": "WATCH", "reason": "High demand (513 retail POIs) but saturated market (57 competitors)."}}, {"type": "Feature", "geometry": {"type": "Polygon", "coordinates": [[[55.24, 25.04], [55.26, 25.04], [55.26, 25.060000000000002], [55.24, 25.060000000000002], [55.24, 25.04]]]}, "properties": {"cell_id": "52_62", "zone_name": "", "demand": 51, "competitors": 4, "residential": 22, "industrial": 5, "residential_catchment": true, "coverage": 0, "covered_by": "", "nearest_group_km": 1.86, "opportunity": "SKIP", "reason": "Insufficient demand (51 retail POIs)."}}, {"type": "Feature", "geometry": {"type": "Polygon", "coordinates": [[[55.36, 25.319999999999997], [55.379999999999995, 25.319999999999997], [55.379999999999995, 25.34], [55.36, 25.34], [55.36, 25.319999999999997]]]}, "properties": {"cell_id": "66_68", "zone_name": "Al Khan, Sharjah", "demand": 343, "competitors": 63, "residential": 8, "industrial": 1, "residential_catchment": true, "coverage": 0, "covered_by": "", "nearest_group_km": 6.01, "opportunity": "WATCH", "reason": "High demand (343 retail POIs) but saturated market (63 competitors)."}}, {"type": "Feature", "geometry": {"type": "Polygon", "coordinates": [[[55.22, 25.18], [55.239999999999995, 25.18], [55.239999999999995, 25.200000000000003], [55.22, 25.200000000000003], [55.22, 25.18]]]}, "properties": {"cell_id": "59_61", "zone_name": "", "demand": 57, "competitors": 6, "residential": 39, "industrial": 1, "residential_catchment": true, "coverage": 0, "covered_by": "", "nearest_group_km": 3.66, "opportunity": "SKIP", "reason": "Insufficient demand (57 retail POIs)."}}, {"type": "Feature", "geometry": {"type": "Polygon", "coordinates": [[[55.24, 25.18], [55.26, 25.18], [55.26, 25.200000000000003], [55.24, 25.200000000000003], [55.24, 25.18]]]}, "properties": {"cell_id": "59_62", "zone_name": "Al Wasl, Dubai", "demand": 95, "competitors": 5, "residential": 49, "industrial": 3, "residential_catchment": true, "coverage": 0, "covered_by": "", "nearest_group_km": 1.74, "opportunity": "GROW", "reason": "High demand (95 retail POIs) with no group catchment reaching it; moderate competition (5 salons). Nearest group site 1.74 km away."}}, {"type": "Feature", "geometry": {"type": "Polygon", "coordinates": [[[55.36, 25.24], [55.379999999999995, 25.24], [55.379999999999995, 25.26], [55.36, 25.26], [55.36, 25.24]]]}, "properties": {"cell_id": "62_68", "zone_name": "Dubai International Airport", "demand": 80, "competitors": 2, "residential": 3, "industrial": 10, "residential_catchment": false, "coverage": 0, "covered_by": "", "nearest_group_km": 3.57, "opportunity": "WATCH", "reason": "High demand (80 retail POIs) but no residential catchment (3 residential vs 10 industrial land parcels within 2 km) - the demand is there but the resident customer base is not."}}, {"type": "Feature", "geometry": {"type": "Polygon", "coordinates": [[[55.4, 25.16], [55.419999999999995, 25.16], [55.419999999999995, 25.180000000000003], [55.4, 25.180000000000003], [55.4, 25.16]]]}, "properties": {"cell_id": "58_70", "zone_name": "", "demand": 67, "competitors": 4, "residential": 13, "industrial": 1, "residential_catchment": true, "coverage": 0, "covered_by": "", "nearest_group_km": 4.23, "opportunity": "SKIP", "reason": "Insufficient demand (67 retail POIs)."}}, {"type": "Feature", "geometry": {"type": "Polygon", "coordinates": [[[55.4, 25.2], [55.419999999999995, 25.2], [55.419999999999995, 25.220000000000002], [55.4, 25.220000000000002], [55.4, 25.2]]]}, "properties": {"cell_id": "60_70", "zone_name": "", "demand": 45, "competitors": 1, "residential": 1, "industrial": 0, "residential_catchment": true, "coverage": 1, "covered_by": "tt_city_centre_mirdif", "nearest_group_km": 0.69, "opportunity": "SKIP", "reason": "Insufficient demand (45 retail POIs)."}}, {"type": "Feature", "geometry": {"type": "Polygon", "coordinates": [[[55.440000000000005, 25.24], [55.46, 25.24], [55.46, 25.26], [55.440000000000005, 25.26], [55.440000000000005, 25.24]]]}, "properties": {"cell_id": "62_72", "zone_name": "", "demand": 15, "competitors": 1, "residential": 7, "industrial": 0, "residential_catchment": true, "coverage": 0, "covered_by": "", "nearest_group_km": 2.61, "opportunity": "SKIP", "reason": "Insufficient demand (15 retail POIs)."}}, {"type": "Feature", "geometry": {"type": "Polygon", "coordinates": [[[55.18, 25.139999999999997], [55.199999999999996, 25.139999999999997], [55.199999999999996, 25.16], [55.18, 25.16], [55.18, 25.139999999999997]]]}, "properties": {"cell_id": "57_59", "zone_name": "", "demand": 51, "competitors": 0, "residential": 5, "industrial": 0, "residential_catchment": true, "coverage": 0, "covered_by": "", "nearest_group_km": 4.83, "opportunity": "SKIP", "reason": "Insufficient demand (51 retail POIs)."}}, {"type": "Feature", "geometry": {"type": "Polygon", "coordinates": [[[55.18, 25.08], [55.199999999999996, 25.08], [55.199999999999996, 25.1], [55.18, 25.1], [55.18, 25.08]]]}, "properties": {"cell_id": "54_59", "zone_name": "", "demand": 32, "competitors": 1, "residential": 23, "industrial": 0, "residential_catchment": true, "coverage": 0, "covered_by": "", "nearest_group_km": 1.98, "opportunity": "SKIP", "reason": "Insufficient demand (32 retail POIs)."}}, {"type": "Feature", "geometry": {"type": "Polygon", "coordinates": [[[55.120000000000005, 25.099999999999998], [55.14, 25.099999999999998], [55.14, 25.12], [55.120000000000005, 25.12], [55.120000000000005, 25.099999999999998]]]}, "properties": {"cell_id": "55_56", "zone_name": "", "demand": 28, "competitors": 0, "residential": 48, "industrial": 2, "residential_catchment": true, "coverage": 1, "covered_by": "tt_golden_mile_2", "nearest_group_km": 0.96, "opportunity": "SKIP", "reason": "Insufficient demand (28 retail POIs)."}}, {"type": "Feature", "geometry": {"type": "Polygon", "coordinates": [[[55.260000000000005, 25.22], [55.28, 25.22], [55.28, 25.240000000000002], [55.260000000000005, 25.240000000000002], [55.260000000000005, 25.22]]]}, "properties": {"cell_id": "61_63", "zone_name": "Al Bada'a, Dubai", "demand": 610, "competitors": 34, "residential": 72, "industrial": 4, "residential_catchment": true, "coverage": 0, "covered_by": "", "nearest_group_km": 1.97, "opportunity": "WATCH", "reason": "High demand (610 retail POIs) but saturated market (34 competitors)."}}, {"type": "Feature", "geometry": {"type": "Polygon", "coordinates": [[[55.36, 25.16], [55.379999999999995, 25.16], [55.379999999999995, 25.180000000000003], [55.36, 25.180000000000003], [55.36, 25.16]]]}, "properties": {"cell_id": "58_68", "zone_name": "", "demand": 26, "competitors": 1, "residential": 26, "industrial": 6, "residential_catchment": true, "coverage": 1, "covered_by": "bd_nad_al_sheba", "nearest_group_km": 1.15, "opportunity": "SKIP", "reason": "Insufficient demand (26 retail POIs)."}}, {"type": "Feature", "geometry": {"type": "Polygon", "coordinates": [[[55.120000000000005, 25.04], [55.14, 25.04], [55.14, 25.060000000000002], [55.120000000000005, 25.060000000000002], [55.120000000000005, 25.04]]]}, "properties": {"cell_id": "52_56", "zone_name": "", "demand": 59, "competitors": 4, "residential": 11, "industrial": 11, "residential_catchment": false, "coverage": 2, "covered_by": "tt_al_furjan_pavilion;tt_al_furjan_west", "nearest_group_km": 3.11, "opportunity": "SKIP", "reason": "Insufficient demand (59 retail POIs)."}}, {"type": "Feature", "geometry": {"type": "Polygon", "coordinates": [[[55.2, 25.099999999999998], [55.22, 25.099999999999998], [55.22, 25.12], [55.2, 25.12], [55.2, 25.099999999999998]]]}, "properties": {"cell_id": "55_60", "zone_name": "Al Barsha 2, Dubai", "demand": 288, "competitors": 34, "residential": 17, "industrial": 4, "residential_catchment": true, "coverage": 2, "covered_by": "bd_al_barsha;tt_al_barsha", "nearest_group_km": 0.66, "opportunity": "WATCH", "reason": "High demand (288 retail POIs) but saturated market (34 competitors) and already covered by 2 group site(s)."}}, {"type": "Feature", "geometry": {"type": "Polygon", "coordinates": [[[55.24, 25.22], [55.26, 25.22], [55.26, 25.240000000000002], [55.24, 25.240000000000002], [55.24, 25.22]]]}, "properties": {"cell_id": "61_62", "zone_name": "", "demand": 59, "competitors": 3, "residential": 31, "industrial": 0, "residential_catchment": true, "coverage": 1, "covered_by": "tt_port_de_la_mer", "nearest_group_km": 0.96, "opportunity": "SKIP", "reason": "Insufficient demand (59 retail POIs)."}}, {"type": "Feature", "geometry": {"type": "Polygon", "coordinates": [[[55.24, 25.2], [55.26, 25.2], [55.26, 25.220000000000002], [55.24, 25.220000000000002], [55.24, 25.2]]]}, "properties": {"cell_id": "60_62", "zone_name": "Jumeirah, Dubai", "demand": 140, "competitors": 6, "residential": 51, "industrial": 23, "residential_catchment": true, "coverage": 0, "covered_by": "", "nearest_group_km": 1.65, "opportunity": "GROW", "reason": "High demand (140 retail POIs) with no group catchment reaching it; moderate competition (6 salons). Nearest group site 1.65 km away."}}, {"type": "Feature", "geometry": {"type": "Polygon", "coordinates": [[[55.42, 25.4], [55.44, 25.4], [55.44, 25.42], [55.42, 25.42], [55.42, 25.4]]]}, "properties": {"cell_id": "70_71", "zone_name": "Ajman centre, Ajman", "demand": 483, "competitors": 24, "residential": 3, "industrial": 0, "residential_catchment": true, "coverage": 0, "covered_by": "", "nearest_group_km": 8.78, "opportunity": "WATCH", "reason": "High demand (483 retail POIs) but saturated market (24 competitors)."}}, {"type": "Feature", "geometry": {"type": "Polygon", "coordinates": [[[55.42, 25.38], [55.44, 25.38], [55.44, 25.400000000000002], [55.42, 25.400000000000002], [55.42, 25.38]]]}, "properties": {"cell_id": "69_71", "zone_name": "Al Heera, Sharjah", "demand": 250, "competitors": 28, "residential": 11, "industrial": 0, "residential_catchment": true, "coverage": 0, "covered_by": "", "nearest_group_km": 6.57, "opportunity": "WATCH", "reason": "High demand (250 retail POIs) but saturated market (28 competitors)."}}, {"type": "Feature", "geometry": {"type": "Polygon", "coordinates": [[[55.46, 25.36], [55.48, 25.36], [55.48, 25.380000000000003], [55.46, 25.380000000000003], [55.46, 25.36]]]}, "properties": {"cell_id": "68_73", "zone_name": "", "demand": 34, "competitors": 2, "residential": 2, "industrial": 2, "residential_catchment": false, "coverage": 0, "covered_by": "", "nearest_group_km": 5.7, "opportunity": "SKIP", "reason": "Insufficient demand (34 retail POIs)."}}, {"type": "Feature", "geometry": {"type": "Polygon", "coordinates": [[[55.440000000000005, 25.4], [55.46, 25.4], [55.46, 25.42], [55.440000000000005, 25.42], [55.440000000000005, 25.4]]]}, "properties": {"cell_id": "70_72", "zone_name": "Al Bustan, Ajman", "demand": 1036, "competitors": 67, "residential": 11, "industrial": 3, "residential_catchment": true, "coverage": 0, "covered_by": "", "nearest_group_km": 9.02, "opportunity": "WATCH", "reason": "High demand (1036 retail POIs) but saturated market (67 competitors)."}}, {"type": "Feature", "geometry": {"type": "Polygon", "coordinates": [[[55.38, 25.259999999999998], [55.4, 25.259999999999998], [55.4, 25.28], [55.38, 25.28], [55.38, 25.259999999999998]]]}, "properties": {"cell_id": "63_69", "zone_name": "Al Qusais, Dubai", "demand": 103, "competitors": 4, "residential": 3, "industrial": 3, "residential_catchment": false, "coverage": 0, "covered_by": "", "nearest_group_km": 6.02, "opportunity": "WATCH", "reason": "High demand (103 retail POIs) but no residential catchment (3 residential vs 3 industrial land parcels within 2 km) - the demand is there but the resident customer base is not."}}, {"type": "Feature", "geometry": {"type": "Polygon", "coordinates": [[[55.5, 25.4], [55.519999999999996, 25.4], [55.519999999999996, 25.42], [55.5, 25.42], [55.5, 25.4]]]}, "properties": {"cell_id": "70_75", "zone_name": "Al Jerf, Ajman", "demand": 169, "competitors": 20, "residential": 15, "industrial": 3, "residential_catchment": true, "coverage": 0, "covered_by": "", "nearest_group_km": 10.49, "opportunity": "GROW", "reason": "High demand (169 retail POIs) with no group catchment reaching it; moderate competition (20 salons). Nearest group site 10.49 km away."}}, {"type": "Feature", "geometry": {"type": "Polygon", "coordinates": [[[55.480000000000004, 25.38], [55.5, 25.38], [55.5, 25.400000000000002], [55.480000000000004, 25.400000000000002], [55.480000000000004, 25.38]]]}, "properties": {"cell_id": "69_74", "zone_name": "New Industrial, Ajman", "demand": 90, "competitors": 2, "residential": 2, "industrial": 4, "residential_catchment": false, "coverage": 0, "covered_by": "", "nearest_group_km": 7.89, "opportunity": "WATCH", "reason": "High demand (90 retail POIs) but no residential catchment (2 residential vs 4 industrial land parcels within 2 km) - the demand is there but the resident customer base is not."}}, {"type": "Feature", "geometry": {"type": "Polygon", "coordinates": [[[55.24, 25.139999999999997], [55.26, 25.139999999999997], [55.26, 25.16], [55.24, 25.16], [55.24, 25.139999999999997]]]}, "properties": {"cell_id": "57_62", "zone_name": "Al Quoz Community, Dubai", "demand": 196, "competitors": 23, "residential": 19, "industrial": 11, "residential_catchment": true, "coverage": 0, "covered_by": "", "nearest_group_km": 3.48, "opportunity": "WATCH", "reason": "High demand (196 retail POIs) but saturated market (23 competitors)."}}, {"type": "Feature", "geometry": {"type": "Polygon", "coordinates": [[[55.24, 25.119999999999997], [55.26, 25.119999999999997], [55.26, 25.14], [55.24, 25.14], [55.24, 25.119999999999997]]]}, "properties": {"cell_id": "56_62", "zone_name": "", "demand": 57, "competitors": 0, "residential": 7, "industrial": 17, "residential_catchment": false, "coverage": 0, "covered_by": "", "nearest_group_km": 1.73, "opportunity": "SKIP", "reason": "Insufficient demand (57 retail POIs)."}}, {"type": "Feature", "geometry": {"type": "Polygon", "coordinates": [[[55.42, 25.259999999999998], [55.44, 25.259999999999998], [55.44, 25.28], [55.42, 25.28], [55.42, 25.259999999999998]]]}, "properties": {"cell_id": "63_71", "zone_name": "", "demand": 55, "competitors": 4, "residential": 6, "industrial": 3, "residential_catchment": true, "coverage": 0, "covered_by": "", "nearest_group_km": 4.18, "opportunity": "SKIP", "reason": "Insufficient demand (55 retail POIs)."}}, {"type": "Feature", "geometry": {"type": "Polygon", "coordinates": [[[55.4, 25.279999999999998], [55.419999999999995, 25.279999999999998], [55.419999999999995, 25.3], [55.4, 25.3], [55.4, 25.279999999999998]]]}, "properties": {"cell_id": "64_70", "zone_name": "", "demand": 44, "competitors": 3, "residential": 2, "industrial": 7, "residential_catchment": false, "coverage": 0, "covered_by": "", "nearest_group_km": 4.9, "opportunity": "SKIP", "reason": "Insufficient demand (44 retail POIs)."}}, {"type": "Feature", "geometry": {"type": "Polygon", "coordinates": [[[55.46, 25.4], [55.48, 25.4], [55.48, 25.42], [55.46, 25.42], [55.46, 25.4]]]}, "properties": {"cell_id": "70_73", "zone_name": "", "demand": 55, "competitors": 1, "residential": 30, "industrial": 5, "residential_catchment": true, "coverage": 0, "covered_by": "", "nearest_group_km": 9.68, "opportunity": "SKIP", "reason": "Insufficient demand (55 retail POIs)."}}, {"type": "Feature", "geometry": {"type": "Polygon", "coordinates": [[[55.4, 25.259999999999998], [55.419999999999995, 25.259999999999998], [55.419999999999995, 25.28], [55.4, 25.28], [55.4, 25.259999999999998]]]}, "properties": {"cell_id": "63_70", "zone_name": "", "demand": 33, "competitors": 2, "residential": 4, "industrial": 3, "residential_catchment": true, "coverage": 0, "covered_by": "", "nearest_group_km": 4.77, "opportunity": "SKIP", "reason": "Insufficient demand (33 retail POIs)."}}, {"type": "Feature", "geometry": {"type": "Polygon", "coordinates": [[[55.5, 25.419999999999998], [55.519999999999996, 25.419999999999998], [55.519999999999996, 25.44], [55.5, 25.44], [55.5, 25.419999999999998]]]}, "properties": {"cell_id": "71_75", "zone_name": "", "demand": 58, "competitors": 4, "residential": 13, "industrial": 3, "residential_catchment": true, "coverage": 0, "covered_by": "", "nearest_group_km": 12.62, "opportunity": "SKIP", "reason": "Insufficient demand (58 retail POIs)."}}, {"type": "Feature", "geometry": {"type": "Polygon", "coordinates": [[[55.32, 25.279999999999998], [55.339999999999996, 25.279999999999998], [55.339999999999996, 25.3], [55.32, 25.3], [55.32, 25.279999999999998]]]}, "properties": {"cell_id": "64_66", "zone_name": "Abu Hail, Dubai", "demand": 122, "competitors": 8, "residential": 3, "industrial": 12, "residential_catchment": false, "coverage": 0, "covered_by": "", "nearest_group_km": 7.87, "opportunity": "WATCH", "reason": "High demand (122 retail POIs) but no residential catchment (3 residential vs 12 industrial land parcels within 2 km) - the demand is there but the resident customer base is not."}}, {"type": "Feature", "geometry": {"type": "Polygon", "coordinates": [[[55.36, 25.2], [55.379999999999995, 25.2], [55.379999999999995, 25.220000000000002], [55.36, 25.220000000000002], [55.36, 25.2]]]}, "properties": {"cell_id": "60_68", "zone_name": "", "demand": 25, "competitors": 1, "residential": 12, "industrial": 0, "residential_catchment": true, "coverage": 0, "covered_by": "", "nearest_group_km": 1.65, "opportunity": "SKIP", "reason": "Insufficient demand (25 retail POIs)."}}, {"type": "Feature", "geometry": {"type": "Polygon", "coordinates": [[[55.34, 25.22], [55.36, 25.22], [55.36, 25.240000000000002], [55.34, 25.240000000000002], [55.34, 25.22]]]}, "properties": {"cell_id": "61_67", "zone_name": "Dubai Festival City, Dubai", "demand": 103, "competitors": 1, "residential": 9, "industrial": 1, "residential_catchment": true, "coverage": 1, "covered_by": "tt_dubai_festival_city", "nearest_group_km": 0.94, "opportunity": "WATCH", "reason": "High demand (103 retail POIs) but already covered by 1 group site(s)."}}, {"type": "Feature", "geometry": {"type": "Polygon", "coordinates": [[[55.14, 25.02], [55.16, 25.02], [55.16, 25.040000000000003], [55.14, 25.040000000000003], [55.14, 25.02]]]}, "properties": {"cell_id": "51_57", "zone_name": "", "demand": 61, "competitors": 4, "residential": 12, "industrial": 14, "residential_catchment": false, "coverage": 2, "covered_by": "tt_al_furjan_pavilion;tt_al_furjan_west", "nearest_group_km": 0.23, "opportunity": "SKIP", "reason": "Insufficient demand (61 retail POIs)."}}, {"type": "Feature", "geometry": {"type": "Polygon", "coordinates": [[[55.36, 25.22], [55.379999999999995, 25.22], [55.379999999999995, 25.240000000000002], [55.36, 25.240000000000002], [55.36, 25.22]]]}, "properties": {"cell_id": "61_68", "zone_name": "Umm Ramool, Dubai", "demand": 79, "competitors": 0, "residential": 9, "industrial": 2, "residential_catchment": true, "coverage": 0, "covered_by": "", "nearest_group_km": 1.97, "opportunity": "GROW", "reason": "High demand (79 retail POIs) with no group catchment reaching it; moderate competition (0 salons). Nearest group site 1.97 km away."}}, {"type": "Feature", "geometry": {"type": "Polygon", "coordinates": [[[55.2, 25.08], [55.22, 25.08], [55.22, 25.1], [55.2, 25.1], [55.2, 25.08]]]}, "properties": {"cell_id": "54_60", "zone_name": "", "demand": 23, "competitors": 3, "residential": 8, "industrial": 2, "residential_catchment": true, "coverage": 0, "covered_by": "", "nearest_group_km": 1.5, "opportunity": "SKIP", "reason": "Insufficient demand (23 retail POIs)."}}, {"type": "Feature", "geometry": {"type": "Polygon", "coordinates": [[[55.06, 24.959999999999997], [55.08, 24.959999999999997], [55.08, 24.98], [55.06, 24.98], [55.06, 24.959999999999997]]]}, "properties": {"cell_id": "48_53", "zone_name": "", "demand": 17, "competitors": 0, "residential": 2, "industrial": 8, "residential_catchment": false, "coverage": 0, "covered_by": "", "nearest_group_km": 10.66, "opportunity": "SKIP", "reason": "Insufficient demand (17 retail POIs)."}}, {"type": "Feature", "geometry": {"type": "Polygon", "coordinates": [[[55.28, 25.2], [55.3, 25.2], [55.3, 25.220000000000002], [55.28, 25.220000000000002], [55.28, 25.2]]]}, "properties": {"cell_id": "60_64", "zone_name": "", "demand": 26, "competitors": 1, "residential": 99, "industrial": 4, "residential_catchment": true, "coverage": 0, "covered_by": "", "nearest_group_km": 1.82, "opportunity": "SKIP", "reason": "Insufficient demand (26 retail POIs)."}}, {"type": "Feature", "geometry": {"type": "Polygon", "coordinates": [[[55.36, 25.099999999999998], [55.379999999999995, 25.099999999999998], [55.379999999999995, 25.12], [55.36, 25.12], [55.36, 25.099999999999998]]]}, "properties": {"cell_id": "55_68", "zone_name": "City of Arabia, Dubai", "demand": 112, "competitors": 7, "residential": 24, "industrial": 6, "residential_catchment": true, "coverage": 1, "covered_by": "tt_dubai_silicon_central", "nearest_group_km": 0.5, "opportunity": "WATCH", "reason": "High demand (112 retail POIs) but already covered by 1 group site(s)."}}, {"type": "Feature", "geometry": {"type": "Polygon", "coordinates": [[[55.2, 25.04], [55.22, 25.04], [55.22, 25.060000000000002], [55.2, 25.060000000000002], [55.2, 25.04]]]}, "properties": {"cell_id": "52_60", "zone_name": "", "demand": 57, "competitors": 12, "residential": 113, "industrial": 2, "residential_catchment": true, "coverage": 0, "covered_by": "", "nearest_group_km": 1.7, "opportunity": "SKIP", "reason": "Insufficient demand (57 retail POIs)."}}, {"type": "Feature", "geometry": {"type": "Polygon", "coordinates": [[[55.34, 25.24], [55.36, 25.24], [55.36, 25.26], [55.34, 25.26], [55.34, 25.24]]]}, "properties": {"cell_id": "62_67", "zone_name": "Dubai International Airport", "demand": 103, "competitors": 7, "residential": 2, "industrial": 2, "residential_catchment": false, "coverage": 0, "covered_by": "", "nearest_group_km": 3.12, "opportunity": "WATCH", "reason": "High demand (103 retail POIs) but no residential catchment (2 residential vs 2 industrial land parcels within 2 km) - the demand is there but the resident customer base is not."}}, {"type": "Feature", "geometry": {"type": "Polygon", "coordinates": [[[55.440000000000005, 25.279999999999998], [55.46, 25.279999999999998], [55.46, 25.3], [55.440000000000005, 25.3], [55.440000000000005, 25.279999999999998]]]}, "properties": {"cell_id": "64_72", "zone_name": "", "demand": 25, "competitors": 0, "residential": 2, "industrial": 2, "residential_catchment": false, "coverage": 0, "covered_by": "", "nearest_group_km": 4.42, "opportunity": "SKIP", "reason": "Insufficient demand (25 retail POIs)."}}, {"type": "Feature", "geometry": {"type": "Polygon", "coordinates": [[[55.42, 25.34], [55.44, 25.34], [55.44, 25.360000000000003], [55.42, 25.360000000000003], [55.42, 25.34]]]}, "properties": {"cell_id": "67_71", "zone_name": "", "demand": 35, "competitors": 2, "residential": 17, "industrial": 2, "residential_catchment": true, "coverage": 0, "covered_by": "", "nearest_group_km": 2.14, "opportunity": "SKIP", "reason": "Insufficient demand (35 retail POIs)."}}, {"type": "Feature", "geometry": {"type": "Polygon", "coordinates": [[[55.34, 25.18], [55.36, 25.18], [55.36, 25.200000000000003], [55.34, 25.200000000000003], [55.34, 25.18]]]}, "properties": {"cell_id": "59_67", "zone_name": "Ras Al Khor, Dubai", "demand": 83, "competitors": 0, "residential": 7, "industrial": 2, "residential_catchment": true, "coverage": 0, "covered_by": "", "nearest_group_km": 1.37, "opportunity": "GROW", "reason": "High demand (83 retail POIs) with no group catchment reaching it; moderate competition (0 salons). Nearest group site 1.37 km away."}}, {"type": "Feature", "geometry": {"type": "Polygon", "coordinates": [[[55.18, 25.04], [55.199999999999996, 25.04], [55.199999999999996, 25.060000000000002], [55.18, 25.060000000000002], [55.18, 25.04]]]}, "properties": {"cell_id": "52_59", "zone_name": "", "demand": 22, "competitors": 2, "residential": 73, "industrial": 1, "residential_catchment": true, "coverage": 0, "covered_by": "", "nearest_group_km": 1.28, "opportunity": "SKIP", "reason": "Insufficient demand (22 retail POIs)."}}, {"type": "Feature", "geometry": {"type": "Polygon", "coordinates": [[[55.46, 25.34], [55.48, 25.34], [55.48, 25.360000000000003], [55.46, 25.360000000000003], [55.46, 25.34]]]}, "properties": {"cell_id": "67_73", "zone_name": "", "demand": 25, "competitors": 0, "residential": 5, "industrial": 2, "residential_catchment": true, "coverage": 0, "covered_by": "", "nearest_group_km": 3.55, "opportunity": "SKIP", "reason": "Insufficient demand (25 retail POIs)."}}, {"type": "Feature", "geometry": {"type": "Polygon", "coordinates": [[[55.54, 25.419999999999998], [55.559999999999995, 25.419999999999998], [55.559999999999995, 25.44], [55.54, 25.44], [55.54, 25.419999999999998]]]}, "properties": {"cell_id": "71_77", "zone_name": "", "demand": 29, "competitors": 2, "residential": 1, "industrial": 10, "residential_catchment": false, "coverage": 0, "covered_by": "", "nearest_group_km": 14.15, "opportunity": "SKIP", "reason": "Insufficient demand (29 retail POIs)."}}, {"type": "Feature", "geometry": {"type": "Polygon", "coordinates": [[[55.52, 25.419999999999998], [55.54, 25.419999999999998], [55.54, 25.44], [55.52, 25.44], [55.52, 25.419999999999998]]]}, "properties": {"cell_id": "71_76", "zone_name": "", "demand": 28, "competitors": 1, "residential": 1, "industrial": 6, "residential_catchment": false, "coverage": 0, "covered_by": "", "nearest_group_km": 13.25, "opportunity": "SKIP", "reason": "Insufficient demand (28 retail POIs)."}}, {"type": "Feature", "geometry": {"type": "Polygon", "coordinates": [[[55.38, 25.16], [55.4, 25.16], [55.4, 25.180000000000003], [55.38, 25.180000000000003], [55.38, 25.16]]]}, "properties": {"cell_id": "58_69", "zone_name": "", "demand": 18, "competitors": 0, "residential": 29, "industrial": 4, "residential_catchment": true, "coverage": 0, "covered_by": "", "nearest_group_km": 2.35, "opportunity": "SKIP", "reason": "Insufficient demand (18 retail POIs)."}}, {"type": "Feature", "geometry": {"type": "Polygon", "coordinates": [[[55.18, 24.979999999999997], [55.199999999999996, 24.979999999999997], [55.199999999999996, 25.0], [55.18, 25.0], [55.18, 24.979999999999997]]]}, "properties": {"cell_id": "49_59", "zone_name": "", "demand": 27, "competitors": 1, "residential": 5, "industrial": 3, "residential_catchment": true, "coverage": 0, "covered_by": "", "nearest_group_km": 5.61, "opportunity": "SKIP", "reason": "Insufficient demand (27 retail POIs)."}}, {"type": "Feature", "geometry": {"type": "Polygon", "coordinates": [[[55.18, 25.02], [55.199999999999996, 25.02], [55.199999999999996, 25.040000000000003], [55.18, 25.040000000000003], [55.18, 25.02]]]}, "properties": {"cell_id": "51_59", "zone_name": "", "demand": 16, "competitors": 1, "residential": 54, "industrial": 2, "residential_catchment": true, "coverage": 0, "covered_by": "", "nearest_group_km": 1.34, "opportunity": "SKIP", "reason": "Insufficient demand (16 retail POIs)."}}, {"type": "Feature", "geometry": {"type": "Polygon", "coordinates": [[[55.28, 25.18], [55.3, 25.18], [55.3, 25.200000000000003], [55.28, 25.200000000000003], [55.28, 25.18]]]}, "properties": {"cell_id": "59_64", "zone_name": "", "demand": 63, "competitors": 5, "residential": 70, "industrial": 5, "residential_catchment": true, "coverage": 0, "covered_by": "", "nearest_group_km": 1.36, "opportunity": "SKIP", "reason": "Insufficient demand (63 retail POIs)."}}, {"type": "Feature", "geometry": {"type": "Polygon", "coordinates": [[[55.260000000000005, 25.02], [55.28, 25.02], [55.28, 25.040000000000003], [55.260000000000005, 25.040000000000003], [55.260000000000005, 25.02]]]}, "properties": {"cell_id": "51_63", "zone_name": "", "demand": 24, "competitors": 2, "residential": 76, "industrial": 2, "residential_catchment": true, "coverage": 0, "covered_by": "", "nearest_group_km": 2.66, "opportunity": "SKIP", "reason": "Insufficient demand (24 retail POIs)."}}, {"type": "Feature", "geometry": {"type": "Polygon", "coordinates": [[[55.4, 25.36], [55.419999999999995, 25.36], [55.419999999999995, 25.380000000000003], [55.4, 25.380000000000003], [55.4, 25.36]]]}, "properties": {"cell_id": "68_70", "zone_name": "Al Sharq, Sharjah", "demand": 83, "competitors": 2, "residential": 19, "industrial": 2, "residential_catchment": true, "coverage": 0, "covered_by": "", "nearest_group_km": 4.78, "opportunity": "GROW", "reason": "High demand (83 retail POIs) with no group catchment reaching it; moderate competition (2 salons). Nearest group site 4.78 km away."}}, {"type": "Feature", "geometry": {"type": "Polygon", "coordinates": [[[55.36, 25.18], [55.379999999999995, 25.18], [55.379999999999995, 25.200000000000003], [55.36, 25.200000000000003], [55.36, 25.18]]]}, "properties": {"cell_id": "59_68", "zone_name": "", "demand": 50, "competitors": 0, "residential": 26, "industrial": 5, "residential_catchment": true, "coverage": 0, "covered_by": "", "nearest_group_km": 1.31, "opportunity": "SKIP", "reason": "Insufficient demand (50 retail POIs)."}}, {"type": "Feature", "geometry": {"type": "Polygon", "coordinates": [[[55.260000000000005, 25.24], [55.28, 25.24], [55.28, 25.26], [55.260000000000005, 25.26], [55.260000000000005, 25.24]]]}, "properties": {"cell_id": "62_63", "zone_name": "", "demand": 24, "competitors": 0, "residential": 32, "industrial": 7, "residential_catchment": true, "coverage": 0, "covered_by": "", "nearest_group_km": 2.16, "opportunity": "SKIP", "reason": "Insufficient demand (24 retail POIs)."}}, {"type": "Feature", "geometry": {"type": "Polygon", "coordinates": [[[55.2, 25.06], [55.22, 25.06], [55.22, 25.080000000000002], [55.2, 25.080000000000002], [55.2, 25.06]]]}, "properties": {"cell_id": "53_60", "zone_name": "", "demand": 41, "competitors": 3, "residential": 59, "industrial": 3, "residential_catchment": true, "coverage": 0, "covered_by": "", "nearest_group_km": 1.85, "opportunity": "SKIP", "reason": "Insufficient demand (41 retail POIs)."}}, {"type": "Feature", "geometry": {"type": "Polygon", "coordinates": [[[55.42, 25.319999999999997], [55.44, 25.319999999999997], [55.44, 25.34], [55.42, 25.34], [55.42, 25.319999999999997]]]}, "properties": {"cell_id": "66_71", "zone_name": "Mughaidir, Sharjah", "demand": 78, "competitors": 4, "residential": 10, "industrial": 5, "residential_catchment": true, "coverage": 1, "covered_by": "bd_zawaya_walk", "nearest_group_km": 0.09, "opportunity": "WATCH", "reason": "High demand (78 retail POIs) but already covered by 1 group site(s)."}}, {"type": "Feature", "geometry": {"type": "Polygon", "coordinates": [[[55.5, 25.38], [55.519999999999996, 25.38], [55.519999999999996, 25.400000000000002], [55.5, 25.400000000000002], [55.5, 25.38]]]}, "properties": {"cell_id": "69_75", "zone_name": "Al Zahraa, Ajman", "demand": 157, "competitors": 15, "residential": 2, "industrial": 2, "residential_catchment": false, "coverage": 0, "covered_by": "", "nearest_group_km": 8.4, "opportunity": "WATCH", "reason": "High demand (157 retail POIs) but no residential catchment (2 residential vs 2 industrial land parcels within 2 km) - the demand is there but the resident customer base is not."}}, {"type": "Feature", "geometry": {"type": "Polygon", "coordinates": [[[55.480000000000004, 25.4], [55.5, 25.4], [55.5, 25.42], [55.480000000000004, 25.42], [55.480000000000004, 25.4]]]}, "properties": {"cell_id": "70_74", "zone_name": "", "demand": 52, "competitors": 7, "residential": 40, "industrial": 5, "residential_catchment": true, "coverage": 0, "covered_by": "", "nearest_group_km": 10.09, "opportunity": "SKIP", "reason": "Insufficient demand (52 retail POIs)."}}, {"type": "Feature", "geometry": {"type": "Polygon", "coordinates": [[[55.4, 25.319999999999997], [55.419999999999995, 25.319999999999997], [55.419999999999995, 25.34], [55.4, 25.34], [55.4, 25.319999999999997]]]}, "properties": {"cell_id": "66_70", "zone_name": "Industrial Area, Sharjah", "demand": 114, "competitors": 2, "residential": 4, "industrial": 4, "residential_catchment": false, "coverage": 1, "covered_by": "bd_zawaya_walk", "nearest_group_km": 1.97, "opportunity": "WATCH", "reason": "High demand (114 retail POIs) but already covered by 1 group site(s) and no residential catchment (4 residential vs 4 industrial land parcels within 2 km) - the demand is there but the resident customer base is not."}}, {"type": "Feature", "geometry": {"type": "Polygon", "coordinates": [[[55.46, 25.299999999999997], [55.48, 25.299999999999997], [55.48, 25.32], [55.46, 25.32], [55.46, 25.299999999999997]]]}, "properties": {"cell_id": "65_73", "zone_name": "", "demand": 15, "competitors": 0, "residential": 45, "industrial": 2, "residential_catchment": true, "coverage": 0, "covered_by": "", "nearest_group_km": 1.43, "opportunity": "SKIP", "reason": "Insufficient demand (15 retail POIs)."}}, {"type": "Feature", "geometry": {"type": "Polygon", "coordinates": [[[54.96, 24.9], [54.98, 24.9], [54.98, 24.92], [54.96, 24.92], [54.96, 24.9]]]}, "properties": {"cell_id": "45_48", "zone_name": "", "demand": 20, "competitors": 0, "residential": 0, "industrial": 10, "residential_catchment": false, "coverage": 0, "covered_by": "", "nearest_group_km": 22.72, "opportunity": "SKIP", "reason": "Insufficient demand (20 retail POIs)."}}, {"type": "Feature", "geometry": {"type": "Polygon", "coordinates": [[[55.52, 25.38], [55.54, 25.38], [55.54, 25.400000000000002], [55.52, 25.400000000000002], [55.52, 25.38]]]}, "properties": {"cell_id": "69_76", "zone_name": "", "demand": 23, "competitors": 4, "residential": 11, "industrial": 0, "residential_catchment": true, "coverage": 0, "covered_by": "", "nearest_group_km": 9.32, "opportunity": "SKIP", "reason": "Insufficient demand (23 retail POIs)."}}, {"type": "Feature", "geometry": {"type": "Polygon", "coordinates": [[[55.2, 25.16], [55.22, 25.16], [55.22, 25.180000000000003], [55.2, 25.180000000000003], [55.2, 25.16]]]}, "properties": {"cell_id": "58_60", "zone_name": "", "demand": 65, "competitors": 3, "residential": 5, "industrial": 0, "residential_catchment": true, "coverage": 0, "covered_by": "", "nearest_group_km": 6.19, "opportunity": "SKIP", "reason": "Insufficient demand (65 retail POIs)."}}, {"type": "Feature", "geometry": {"type": "Polygon", "coordinates": [[[55.38, 25.2], [55.4, 25.2], [55.4, 25.220000000000002], [55.38, 25.220000000000002], [55.38, 25.2]]]}, "properties": {"cell_id": "60_69", "zone_name": "", "demand": 19, "competitors": 2, "residential": 2, "industrial": 0, "residential_catchment": true, "coverage": 0, "covered_by": "", "nearest_group_km": 1.94, "opportunity": "SKIP", "reason": "Insufficient demand (19 retail POIs)."}}, {"type": "Feature", "geometry": {"type": "Polygon", "coordinates": [[[55.22, 25.04], [55.239999999999995, 25.04], [55.239999999999995, 25.060000000000002], [55.22, 25.060000000000002], [55.22, 25.04]]]}, "properties": {"cell_id": "52_61", "zone_name": "", "demand": 35, "competitors": 5, "residential": 41, "industrial": 5, "residential_catchment": true, "coverage": 0, "covered_by": "", "nearest_group_km": 1.27, "opportunity": "SKIP", "reason": "Insufficient demand (35 retail POIs)."}}, {"type": "Feature", "geometry": {"type": "Polygon", "coordinates": [[[55.300000000000004, 25.279999999999998], [55.32, 25.279999999999998], [55.32, 25.3], [55.300000000000004, 25.3], [55.300000000000004, 25.279999999999998]]]}, "properties": {"cell_id": "64_65", "zone_name": "", "demand": 28, "competitors": 2, "residential": 0, "industrial": 10, "residential_catchment": false, "coverage": 0, "covered_by": "", "nearest_group_km": 8.12, "opportunity": "SKIP", "reason": "Insufficient demand (28 retail POIs)."}}, {"type": "Feature", "geometry": {"type": "Polygon", "coordinates": [[[55.5, 25.36], [55.519999999999996, 25.36], [55.519999999999996, 25.380000000000003], [55.5, 25.380000000000003], [55.5, 25.36]]]}, "properties": {"cell_id": "68_75", "zone_name": "", "demand": 15, "competitors": 0, "residential": 1, "industrial": 0, "residential_catchment": true, "coverage": 0, "covered_by": "", "nearest_group_km": 6.39, "opportunity": "SKIP", "reason": "Insufficient demand (15 retail POIs)."}}, {"type": "Feature", "geometry": {"type": "Polygon", "coordinates": [[[55.42, 25.279999999999998], [55.44, 25.279999999999998], [55.44, 25.3], [55.42, 25.3], [55.42, 25.279999999999998]]]}, "properties": {"cell_id": "64_71", "zone_name": "", "demand": 22, "competitors": 1, "residential": 0, "industrial": 7, "residential_catchment": false, "coverage": 0, "covered_by": "", "nearest_group_km": 4.49, "opportunity": "SKIP", "reason": "Insufficient demand (22 retail POIs)."}}, {"type": "Feature", "geometry": {"type": "Polygon", "coordinates": [[[55.22, 25.06], [55.239999999999995, 25.06], [55.239999999999995, 25.080000000000002], [55.22, 25.080000000000002], [55.22, 25.06]]]}, "properties": {"cell_id": "53_61", "zone_name": "", "demand": 26, "competitors": 5, "residential": 26, "industrial": 0, "residential_catchment": true, "coverage": 0, "covered_by": "", "nearest_group_km": 1.2, "opportunity": "SKIP", "reason": "Insufficient demand (26 retail POIs)."}}, {"type": "Feature", "geometry": {"type": "Polygon", "coordinates": [[[55.300000000000004, 25.06], [55.32, 25.06], [55.32, 25.080000000000002], [55.300000000000004, 25.080000000000002], [55.300000000000004, 25.06]]]}, "properties": {"cell_id": "53_65", "zone_name": "", "demand": 33, "competitors": 0, "residential": 21, "industrial": 1, "residential_catchment": true, "coverage": 0, "covered_by": "", "nearest_group_km": 3.93, "opportunity": "SKIP", "reason": "Insufficient demand (33 retail POIs)."}}, {"type": "Feature", "geometry": {"type": "Polygon", "coordinates": [[[55.4, 25.38], [55.419999999999995, 25.38], [55.419999999999995, 25.400000000000002], [55.4, 25.400000000000002], [55.4, 25.38]]]}, "properties": {"cell_id": "69_70", "zone_name": "", "demand": 41, "competitors": 3, "residential": 9, "industrial": 2, "residential_catchment": true, "coverage": 0, "covered_by": "", "nearest_group_km": 6.85, "opportunity": "SKIP", "reason": "Insufficient demand (41 retail POIs)."}}, {"type": "Feature", "geometry": {"type": "Polygon", "coordinates": [[[55.28, 25.139999999999997], [55.3, 25.139999999999997], [55.3, 25.16], [55.28, 25.16], [55.28, 25.139999999999997]]]}, "properties": {"cell_id": "57_64", "zone_name": "", "demand": 16, "competitors": 3, "residential": 13, "industrial": 2, "residential_catchment": true, "coverage": 0, "covered_by": "", "nearest_group_km": 4.09, "opportunity": "SKIP", "reason": "Insufficient demand (16 retail POIs)."}}, {"type": "Feature", "geometry": {"type": "Polygon", "coordinates": [[[55.620000000000005, 25.34], [55.64, 25.34], [55.64, 25.360000000000003], [55.620000000000005, 25.360000000000003], [55.620000000000005, 25.34]]]}, "properties": {"cell_id": "67_81", "zone_name": "", "demand": 37, "competitors": 1, "residential": 0, "industrial": 4, "residential_catchment": false, "coverage": 0, "covered_by": "", "nearest_group_km": 15.53, "opportunity": "SKIP", "reason": "Insufficient demand (37 retail POIs)."}}, {"type": "Feature", "geometry": {"type": "Polygon", "coordinates": [[[55.080000000000005, 24.979999999999997], [55.1, 24.979999999999997], [55.1, 25.0], [55.080000000000005, 25.0], [55.080000000000005, 24.979999999999997]]]}, "properties": {"cell_id": "49_54", "zone_name": "", "demand": 17, "competitors": 0, "residential": 1, "industrial": 6, "residential_catchment": false, "coverage": 0, "covered_by": "", "nearest_group_km": 7.71, "opportunity": "SKIP", "reason": "Insufficient demand (17 retail POIs)."}}, {"type": "Feature", "geometry": {"type": "Polygon", "coordinates": [[[55.56, 25.419999999999998], [55.58, 25.419999999999998], [55.58, 25.44], [55.56, 25.44], [55.56, 25.419999999999998]]]}, "properties": {"cell_id": "71_78", "zone_name": "", "demand": 16, "competitors": 1, "residential": 6, "industrial": 10, "residential_catchment": false, "coverage": 0, "covered_by": "", "nearest_group_km": 15.26, "opportunity": "SKIP", "reason": "Insufficient demand (16 retail POIs)."}}, {"type": "Feature", "geometry": {"type": "Polygon", "coordinates": [[[55.0, 24.9], [55.019999999999996, 24.9], [55.019999999999996, 24.92], [55.0, 24.92], [55.0, 24.9]]]}, "properties": {"cell_id": "45_50", "zone_name": "", "demand": 32, "competitors": 0, "residential": 0, "industrial": 2, "residential_catchment": false, "coverage": 0, "covered_by": "", "nearest_group_km": 19.59, "opportunity": "SKIP", "reason": "Insufficient demand (32 retail POIs)."}}, {"type": "Feature", "geometry": {"type": "Polygon", "coordinates": [[[55.38, 25.18], [55.4, 25.18], [55.4, 25.200000000000003], [55.38, 25.200000000000003], [55.38, 25.18]]]}, "properties": {"cell_id": "59_69", "zone_name": "", "demand": 20, "competitors": 2, "residential": 25, "industrial": 3, "residential_catchment": true, "coverage": 0, "covered_by": "", "nearest_group_km": 3.12, "opportunity": "SKIP", "reason": "Insufficient demand (20 retail POIs)."}}, {"type": "Feature", "geometry": {"type": "Polygon", "coordinates": [[[55.46, 25.22], [55.48, 25.22], [55.48, 25.240000000000002], [55.46, 25.240000000000002], [55.46, 25.22]]]}, "properties": {"cell_id": "61_73", "zone_name": "", "demand": 31, "competitors": 2, "residential": 1, "industrial": 0, "residential_catchment": true, "coverage": 0, "covered_by": "", "nearest_group_km": 3.75, "opportunity": "SKIP", "reason": "Insufficient demand (31 retail POIs)."}}, {"type": "Feature", "geometry": {"type": "Polygon", "coordinates": [[[55.440000000000005, 25.36], [55.46, 25.36], [55.46, 25.380000000000003], [55.440000000000005, 25.380000000000003], [55.440000000000005, 25.36]]]}, "properties": {"cell_id": "68_72", "zone_name": "", "demand": 22, "competitors": 2, "residential": 5, "industrial": 2, "residential_catchment": true, "coverage": 0, "covered_by": "", "nearest_group_km": 4.82, "opportunity": "SKIP", "reason": "Insufficient demand (22 retail POIs)."}}, {"type": "Feature", "geometry": {"type": "Polygon", "coordinates": [[[55.52, 25.319999999999997], [55.54, 25.319999999999997], [55.54, 25.34], [55.52, 25.34], [55.52, 25.319999999999997]]]}, "properties": {"cell_id": "66_76", "zone_name": "", "demand": 17, "competitors": 0, "residential": 1, "industrial": 2, "residential_catchment": false, "coverage": 0, "covered_by": "", "nearest_group_km": 5.2, "opportunity": "SKIP", "reason": "Insufficient demand (17 retail POIs)."}}, {"type": "Feature", "geometry": {"type": "Polygon", "coordinates": [[[55.24, 25.099999999999998], [55.26, 25.099999999999998], [55.26, 25.12], [55.24, 25.12], [55.24, 25.099999999999998]]]}, "properties": {"cell_id": "55_62", "zone_name": "", "demand": 15, "competitors": 0, "residential": 22, "industrial": 5, "residential_catchment": true, "coverage": 0, "covered_by": "", "nearest_group_km": 1.92, "opportunity": "SKIP", "reason": "Insufficient demand (15 retail POIs)."}}, {"type": "Feature", "geometry": {"type": "Polygon", "coordinates": [[[55.24, 25.06], [55.26, 25.06], [55.26, 25.080000000000002], [55.24, 25.080000000000002], [55.24, 25.06]]]}, "properties": {"cell_id": "53_62", "zone_name": "", "demand": 26, "competitors": 5, "residential": 6, "industrial": 0, "residential_catchment": true, "coverage": 0, "covered_by": "", "nearest_group_km": 1.81, "opportunity": "SKIP", "reason": "Insufficient demand (26 retail POIs)."}}, {"type": "Feature", "geometry": {"type": "Polygon", "coordinates": [[[55.0, 24.919999999999998], [55.019999999999996, 24.919999999999998], [55.019999999999996, 24.94], [55.0, 24.94], [55.0, 24.919999999999998]]]}, "properties": {"cell_id": "46_50", "zone_name": "", "demand": 20, "competitors": 0, "residential": 0, "industrial": 6, "residential_catchment": false, "coverage": 0, "covered_by": "", "nearest_group_km": 18.16, "opportunity": "SKIP", "reason": "Insufficient demand (20 retail POIs)."}}, {"type": "Feature", "geometry": {"type": "Polygon", "coordinates": [[[55.38, 25.139999999999997], [55.4, 25.139999999999997], [55.4, 25.16], [55.38, 25.16], [55.38, 25.139999999999997]]]}, "properties": {"cell_id": "57_69", "zone_name": "", "demand": 24, "competitors": 5, "residential": 9, "industrial": 2, "residential_catchment": true, "coverage": 0, "covered_by": "", "nearest_group_km": 2.31, "opportunity": "SKIP", "reason": "Insufficient demand (24 retail POIs)."}}, {"type": "Feature", "geometry": {"type": "Polygon", "coordinates": [[[55.14, 25.04], [55.16, 25.04], [55.16, 25.060000000000002], [55.14, 25.060000000000002], [55.14, 25.04]]]}, "properties": {"cell_id": "52_57", "zone_name": "", "demand": 27, "competitors": 3, "residential": 65, "industrial": 2, "residential_catchment": true, "coverage": 0, "covered_by": "", "nearest_group_km": 2.01, "opportunity": "SKIP", "reason": "Insufficient demand (27 retail POIs)."}}, {"type": "Feature", "geometry": {"type": "Polygon", "coordinates": [[[54.36, 24.479999999999997], [54.379999999999995, 24.479999999999997], [54.379999999999995, 24.5], [54.36, 24.5], [54.36, 24.479999999999997]]]}, "properties": {"cell_id": "24_18", "zone_name": "Al Danah, Abu Dhabi", "demand": 2144, "competitors": 184, "residential": 7, "industrial": 0, "residential_catchment": true, "coverage": 1, "covered_by": "bd_delma", "nearest_group_km": 2.86, "opportunity": "WATCH", "reason": "High demand (2144 retail POIs) but saturated market (184 competitors) and already covered by 1 group site(s)."}}, {"type": "Feature", "geometry": {"type": "Polygon", "coordinates": [[[54.32, 24.459999999999997], [54.339999999999996, 24.459999999999997], [54.339999999999996, 24.48], [54.32, 24.48], [54.32, 24.459999999999997]]]}, "properties": {"cell_id": "23_16", "zone_name": "", "demand": 116, "competitors": 8, "residential": 11, "industrial": 2, "residential_catchment": true, "coverage": 2, "covered_by": "tt_marina_mall_auh;tt_nation_towers", "nearest_group_km": 0.68, "opportunity": "SKIP", "reason": "Fully covered by 2 group sites."}}, {"type": "Feature", "geometry": {"type": "Polygon", "coordinates": [[[54.480000000000004, 24.36], [54.5, 24.36], [54.5, 24.380000000000003], [54.480000000000004, 24.380000000000003], [54.480000000000004, 24.36]]]}, "properties": {"cell_id": "18_24", "zone_name": "Musaffah, Abu Dhabi", "demand": 93, "competitors": 7, "residential": 0, "industrial": 14, "residential_catchment": false, "coverage": 0, "covered_by": "", "nearest_group_km": 4.77, "opportunity": "WATCH", "reason": "High demand (93 retail POIs) but no residential catchment (0 residential vs 14 industrial land parcels within 2 km) - the demand is there but the resident customer base is not."}}, {"type": "Feature", "geometry": {"type": "Polygon", "coordinates": [[[54.46, 24.34], [54.48, 24.34], [54.48, 24.360000000000003], [54.46, 24.360000000000003], [54.46, 24.34]]]}, "properties": {"cell_id": "17_23", "zone_name": "", "demand": 20, "competitors": 0, "residential": 0, "industrial": 12, "residential_catchment": false, "coverage": 0, "covered_by": "", "nearest_group_km": 7.34, "opportunity": "SKIP", "reason": "Insufficient demand (20 retail POIs)."}}, {"type": "Feature", "geometry": {"type": "Polygon", "coordinates": [[[54.34, 24.459999999999997], [54.36, 24.459999999999997], [54.36, 24.48], [54.34, 24.48], [54.34, 24.459999999999997]]]}, "properties": {"cell_id": "23_17", "zone_name": "Al Manhal, Abu Dhabi", "demand": 670, "competitors": 76, "residential": 15, "industrial": 0, "residential_catchment": true, "coverage": 3, "covered_by": "bd_khaleej_al_arabi;tt_khaleej_al_arabi;tt_nation_towers", "nearest_group_km": 1.29, "opportunity": "WATCH", "reason": "High demand (670 retail POIs) but saturated market (76 competitors) and already covered by 3 group site(s)."}}, {"type": "Feature", "geometry": {"type": "Polygon", "coordinates": [[[54.440000000000005, 24.419999999999998], [54.46, 24.419999999999998], [54.46, 24.44], [54.440000000000005, 24.44], [54.440000000000005, 24.419999999999998]]]}, "properties": {"cell_id": "21_22", "zone_name": "Khalifa Park, Abu Dhabi", "demand": 78, "competitors": 3, "residential": 14, "industrial": 2, "residential_catchment": true, "coverage": 0, "covered_by": "", "nearest_group_km": 1.51, "opportunity": "GROW", "reason": "High demand (78 retail POIs) with no group catchment reaching it; moderate competition (3 salons). Nearest group site 1.51 km away."}}, {"type": "Feature", "geometry": {"type": "Polygon", "coordinates": [[[54.34, 24.479999999999997], [54.36, 24.479999999999997], [54.36, 24.5], [54.34, 24.5], [54.34, 24.479999999999997]]]}, "properties": {"cell_id": "24_17", "zone_name": "Al Markaziyah West, Abu Dhabi", "demand": 217, "competitors": 10, "residential": 2, "industrial": 0, "residential_catchment": true, "coverage": 0, "covered_by": "", "nearest_group_km": 3.27, "opportunity": "GROW", "reason": "High demand (217 retail POIs) with no group catchment reaching it; moderate competition (10 salons). Nearest group site 3.27 km away."}}, {"type": "Feature", "geometry": {"type": "Polygon", "coordinates": [[[54.36, 24.439999999999998], [54.379999999999995, 24.439999999999998], [54.379999999999995, 24.46], [54.36, 24.46], [54.36, 24.439999999999998]]]}, "properties": {"cell_id": "22_18", "zone_name": "", "demand": 34, "competitors": 4, "residential": 20, "industrial": 0, "residential_catchment": true, "coverage": 3, "covered_by": "bd_delma;bd_khaleej_al_arabi;tt_khaleej_al_arabi", "nearest_group_km": 1.91, "opportunity": "SKIP", "reason": "Insufficient demand (34 retail POIs)."}}, {"type": "Feature", "geometry": {"type": "Polygon", "coordinates": [[[54.32, 24.439999999999998], [54.339999999999996, 24.439999999999998], [54.339999999999996, 24.46], [54.32, 24.46], [54.32, 24.439999999999998]]]}, "properties": {"cell_id": "22_16", "zone_name": "", "demand": 28, "competitors": 0, "residential": 3, "industrial": 0, "residential_catchment": true, "coverage": 1, "covered_by": "tt_khaleej_al_arabi", "nearest_group_km": 0.82, "opportunity": "SKIP", "reason": "Insufficient demand (28 retail POIs)."}}, {"type": "Feature", "geometry": {"type": "Polygon", "coordinates": [[[54.38, 24.439999999999998], [54.4, 24.439999999999998], [54.4, 24.46], [54.38, 24.46], [54.38, 24.439999999999998]]]}, "properties": {"cell_id": "22_19", "zone_name": "Al Etihad, Abu Dhabi", "demand": 212, "competitors": 12, "residential": 10, "industrial": 0, "residential_catchment": true, "coverage": 1, "covered_by": "bd_delma", "nearest_group_km": 2.05, "opportunity": "WATCH", "reason": "High demand (212 retail POIs) but already covered by 1 group site(s)."}}, {"type": "Feature", "geometry": {"type": "Polygon", "coordinates": [[[54.36, 24.459999999999997], [54.379999999999995, 24.459999999999997], [54.379999999999995, 24.48], [54.36, 24.48], [54.36, 24.459999999999997]]]}, "properties": {"cell_id": "23_18", "zone_name": "Al Manhal, Abu Dhabi", "demand": 675, "competitors": 59, "residential": 30, "industrial": 0, "residential_catchment": true, "coverage": 2, "covered_by": "bd_delma;bd_khaleej_al_arabi", "nearest_group_km": 1.51, "opportunity": "WATCH", "reason": "High demand (675 retail POIs) but saturated market (59 competitors) and already covered by 2 group site(s)."}}, {"type": "Feature", "geometry": {"type": "Polygon", "coordinates": [[[54.38, 24.459999999999997], [54.4, 24.459999999999997], [54.4, 24.48], [54.38, 24.48], [54.38, 24.459999999999997]]]}, "properties": {"cell_id": "23_19", "zone_name": "Al Nahyan, Abu Dhabi", "demand": 250, "competitors": 23, "residential": 14, "industrial": 0, "residential_catchment": true, "coverage": 1, "covered_by": "bd_delma", "nearest_group_km": 0.57, "opportunity": "WATCH", "reason": "High demand (250 retail POIs) but saturated market (23 competitors) and already covered by 1 group site(s)."}}, {"type": "Feature", "geometry": {"type": "Polygon", "coordinates": [[[54.36, 24.5], [54.379999999999995, 24.5], [54.379999999999995, 24.520000000000003], [54.36, 24.520000000000003], [54.36, 24.5]]]}, "properties": {"cell_id": "25_18", "zone_name": "Zayed Port, Abu Dhabi", "demand": 160, "competitors": 13, "residential": 2, "industrial": 1, "residential_catchment": true, "coverage": 0, "covered_by": "", "nearest_group_km": 3.9, "opportunity": "GROW", "reason": "High demand (160 retail POIs) with no group catchment reaching it; moderate competition (13 salons). Nearest group site 3.9 km away."}}, {"type": "Feature", "geometry": {"type": "Polygon", "coordinates": [[[54.480000000000004, 24.4], [54.5, 24.4], [54.5, 24.42], [54.480000000000004, 24.42], [54.480000000000004, 24.4]]]}, "properties": {"cell_id": "20_24", "zone_name": "", "demand": 51, "competitors": 1, "residential": 1, "industrial": 4, "residential_catchment": false, "coverage": 0, "covered_by": "", "nearest_group_km": 0.45, "opportunity": "SKIP", "reason": "Insufficient demand (51 retail POIs)."}}, {"type": "Feature", "geometry": {"type": "Polygon", "coordinates": [[[54.660000000000004, 24.52], [54.68, 24.52], [54.68, 24.540000000000003], [54.660000000000004, 24.540000000000003], [54.660000000000004, 24.52]]]}, "properties": {"cell_id": "26_33", "zone_name": "", "demand": 59, "competitors": 2, "residential": 4, "industrial": 0, "residential_catchment": true, "coverage": 1, "covered_by": "bd_shahama", "nearest_group_km": 0.65, "opportunity": "SKIP", "reason": "Insufficient demand (59 retail POIs)."}}, {"type": "Feature", "geometry": {"type": "Polygon", "coordinates": [[[54.36, 24.52], [54.379999999999995, 24.52], [54.379999999999995, 24.540000000000003], [54.36, 24.540000000000003], [54.36, 24.52]]]}, "properties": {"cell_id": "26_18", "zone_name": "", "demand": 46, "competitors": 0, "residential": 1, "industrial": 2, "residential_catchment": false, "coverage": 0, "covered_by": "", "nearest_group_km": 5.54, "opportunity": "SKIP", "reason": "Insufficient demand (46 retail POIs)."}}, {"type": "Feature", "geometry": {"type": "Polygon", "coordinates": [[[54.52, 24.319999999999997], [54.54, 24.319999999999997], [54.54, 24.34], [54.52, 24.34], [54.52, 24.319999999999997]]]}, "properties": {"cell_id": "16_26", "zone_name": "Mohammed Bin Zayed City, Abu Dhabi", "demand": 495, "competitors": 22, "residential": 12, "industrial": 1, "residential_catchment": true, "coverage": 0, "covered_by": "", "nearest_group_km": 2.42, "opportunity": "WATCH", "reason": "High demand (495 retail POIs) but saturated market (22 competitors)."}}, {"type": "Feature", "geometry": {"type": "Polygon", "coordinates": [[[54.42, 24.419999999999998], [54.44, 24.419999999999998], [54.44, 24.44], [54.42, 24.44], [54.42, 24.419999999999998]]]}, "properties": {"cell_id": "21_21", "zone_name": "Al Rehhan, Abu Dhabi", "demand": 224, "competitors": 32, "residential": 16, "industrial": 2, "residential_catchment": true, "coverage": 0, "covered_by": "", "nearest_group_km": 3.52, "opportunity": "WATCH", "reason": "High demand (224 retail POIs) but saturated market (32 competitors)."}}, {"type": "Feature", "geometry": {"type": "Polygon", "coordinates": [[[54.52, 24.34], [54.54, 24.34], [54.54, 24.360000000000003], [54.52, 24.360000000000003], [54.52, 24.34]]]}, "properties": {"cell_id": "17_26", "zone_name": "Mohammed Bin Zayed City, Abu Dhabi", "demand": 104, "competitors": 2, "residential": 12, "industrial": 11, "residential_catchment": true, "coverage": 0, "covered_by": "", "nearest_group_km": 2.13, "opportunity": "GROW", "reason": "High demand (104 retail POIs) with no group catchment reaching it; moderate competition (2 salons). Nearest group site 2.13 km away."}}, {"type": "Feature", "geometry": {"type": "Polygon", "coordinates": [[[54.38, 24.479999999999997], [54.4, 24.479999999999997], [54.4, 24.5], [54.38, 24.5], [54.38, 24.479999999999997]]]}, "properties": {"cell_id": "24_19", "zone_name": "Al Reem Island, Abu Dhabi", "demand": 381, "competitors": 41, "residential": 21, "industrial": 2, "residential_catchment": true, "coverage": 2, "covered_by": "bd_delma;tt_reem_mall", "nearest_group_km": 1.08, "opportunity": "WATCH", "reason": "High demand (381 retail POIs) but saturated market (41 competitors) and already covered by 2 group site(s)."}}, {"type": "Feature", "geometry": {"type": "Polygon", "coordinates": [[[54.68, 24.54], [54.699999999999996, 24.54], [54.699999999999996, 24.560000000000002], [54.68, 24.560000000000002], [54.68, 24.54]]]}, "properties": {"cell_id": "27_34", "zone_name": "", "demand": 21, "competitors": 2, "residential": 4, "industrial": 2, "residential_catchment": true, "coverage": 0, "covered_by": "", "nearest_group_km": 3.37, "opportunity": "SKIP", "reason": "Insufficient demand (21 retail POIs)."}}, {"type": "Feature", "geometry": {"type": "Polygon", "coordinates": [[[54.4, 24.419999999999998], [54.419999999999995, 24.419999999999998], [54.419999999999995, 24.44], [54.4, 24.44], [54.4, 24.419999999999998]]]}, "properties": {"cell_id": "21_20", "zone_name": "Al Qubaisat, Abu Dhabi", "demand": 136, "competitors": 8, "residential": 13, "industrial": 0, "residential_catchment": true, "coverage": 0, "covered_by": "", "nearest_group_km": 4.91, "opportunity": "GROW", "reason": "High demand (136 retail POIs) with no group catchment reaching it; moderate competition (8 salons). Nearest group site 4.91 km away."}}, {"type": "Feature", "geometry": {"type": "Polygon", "coordinates": [[[54.5, 24.36], [54.519999999999996, 24.36], [54.519999999999996, 24.380000000000003], [54.5, 24.380000000000003], [54.5, 24.36]]]}, "properties": {"cell_id": "18_25", "zone_name": "Musaffah, Abu Dhabi", "demand": 451, "competitors": 10, "residential": 0, "industrial": 26, "residential_catchment": false, "coverage": 0, "covered_by": "", "nearest_group_km": 3.08, "opportunity": "WATCH", "reason": "High demand (451 retail POIs) but no residential catchment (0 residential vs 26 industrial land parcels within 2 km) - the demand is there but the resident customer base is not."}}, {"type": "Feature", "geometry": {"type": "Polygon", "coordinates": [[[54.4, 24.439999999999998], [54.419999999999995, 24.439999999999998], [54.419999999999995, 24.46], [54.4, 24.46], [54.4, 24.439999999999998]]]}, "properties": {"cell_id": "22_20", "zone_name": "Qasr Al Bahr, Abu Dhabi", "demand": 137, "competitors": 20, "residential": 4, "industrial": 0, "residential_catchment": true, "coverage": 0, "covered_by": "", "nearest_group_km": 3.23, "opportunity": "GROW", "reason": "High demand (137 retail POIs) with no group catchment reaching it; moderate competition (20 salons). Nearest group site 3.23 km away."}}, {"type": "Feature", "geometry": {"type": "Polygon", "coordinates": [[[54.6, 24.439999999999998], [54.62, 24.439999999999998], [54.62, 24.46], [54.6, 24.46], [54.6, 24.439999999999998]]]}, "properties": {"cell_id": "22_30", "zone_name": "", "demand": 69, "competitors": 9, "residential": 2, "industrial": 1, "residential_catchment": true, "coverage": 1, "covered_by": "bd_khalifa_city_a", "nearest_group_km": 1.58, "opportunity": "SKIP", "reason": "Insufficient demand (69 retail POIs)."}}, {"type": "Feature", "geometry": {"type": "Polygon", "coordinates": [[[54.56, 24.419999999999998], [54.58, 24.419999999999998], [54.58, 24.44], [54.56, 24.44], [54.56, 24.419999999999998]]]}, "properties": {"cell_id": "21_28", "zone_name": "", "demand": 30, "competitors": 2, "residential": 2, "industrial": 0, "residential_catchment": true, "coverage": 0, "covered_by": "", "nearest_group_km": 1.2, "opportunity": "SKIP", "reason": "Insufficient demand (30 retail POIs)."}}, {"type": "Feature", "geometry": {"type": "Polygon", "coordinates": [[[54.46, 24.419999999999998], [54.48, 24.419999999999998], [54.48, 24.44], [54.46, 24.44], [54.46, 24.419999999999998]]]}, "properties": {"cell_id": "21_23", "zone_name": "", "demand": 26, "competitors": 0, "residential": 8, "industrial": 3, "residential_catchment": true, "coverage": 1, "covered_by": "bd_ministries_complex", "nearest_group_km": 0.58, "opportunity": "SKIP", "reason": "Insufficient demand (26 retail POIs)."}}, {"type": "Feature", "geometry": {"type": "Polygon", "coordinates": [[[54.4, 24.52], [54.419999999999995, 24.52], [54.419999999999995, 24.540000000000003], [54.4, 24.540000000000003], [54.4, 24.52]]]}, "properties": {"cell_id": "26_20", "zone_name": "", "demand": 29, "competitors": 2, "residential": 8, "industrial": 2, "residential_catchment": true, "coverage": 0, "covered_by": "", "nearest_group_km": 3.83, "opportunity": "SKIP", "reason": "Insufficient demand (29 retail POIs)."}}, {"type": "Feature", "geometry": {"type": "Polygon", "coordinates": [[[54.4, 24.479999999999997], [54.419999999999995, 24.479999999999997], [54.419999999999995, 24.5], [54.4, 24.5], [54.4, 24.479999999999997]]]}, "properties": {"cell_id": "24_20", "zone_name": "", "demand": 39, "competitors": 3, "residential": 18, "industrial": 1, "residential_catchment": true, "coverage": 1, "covered_by": "tt_reem_mall", "nearest_group_km": 0.97, "opportunity": "SKIP", "reason": "Insufficient demand (39 retail POIs)."}}, {"type": "Feature", "geometry": {"type": "Polygon", "coordinates": [[[54.52, 24.36], [54.54, 24.36], [54.54, 24.380000000000003], [54.52, 24.380000000000003], [54.52, 24.36]]]}, "properties": {"cell_id": "18_26", "zone_name": "", "demand": 46, "competitors": 1, "residential": 6, "industrial": 19, "residential_catchment": false, "coverage": 1, "covered_by": "bd_mohammed_bin_zayed_city", "nearest_group_km": 1.1, "opportunity": "SKIP", "reason": "Insufficient demand (46 retail POIs)."}}, {"type": "Feature", "geometry": {"type": "Polygon", "coordinates": [[[54.6, 24.419999999999998], [54.62, 24.419999999999998], [54.62, 24.44], [54.6, 24.44], [54.6, 24.419999999999998]]]}, "properties": {"cell_id": "21_30", "zone_name": "", "demand": 27, "competitors": 1, "residential": 1, "industrial": 3, "residential_catchment": false, "coverage": 1, "covered_by": "bd_khalifa_city_a", "nearest_group_km": 1.57, "opportunity": "SKIP", "reason": "Insufficient demand (27 retail POIs)."}}, {"type": "Feature", "geometry": {"type": "Polygon", "coordinates": [[[54.620000000000005, 24.299999999999997], [54.64, 24.299999999999997], [54.64, 24.32], [54.620000000000005, 24.32], [54.620000000000005, 24.299999999999997]]]}, "properties": {"cell_id": "15_31", "zone_name": "", "demand": 32, "competitors": 2, "residential": 10, "industrial": 1, "residential_catchment": true, "coverage": 1, "covered_by": "bd_baniyas", "nearest_group_km": 1.44, "opportunity": "SKIP", "reason": "Insufficient demand (32 retail POIs)."}}, {"type": "Feature", "geometry": {"type": "Polygon", "coordinates": [[[54.5, 24.38], [54.519999999999996, 24.38], [54.519999999999996, 24.400000000000002], [54.5, 24.400000000000002], [54.5, 24.38]]]}, "properties": {"cell_id": "19_25", "zone_name": "", "demand": 48, "competitors": 1, "residential": 2, "industrial": 7, "residential_catchment": false, "coverage": 0, "covered_by": "", "nearest_group_km": 3.08, "opportunity": "SKIP", "reason": "Insufficient demand (48 retail POIs)."}}, {"type": "Feature", "geometry": {"type": "Polygon", "coordinates": [[[54.38, 24.5], [54.4, 24.5], [54.4, 24.520000000000003], [54.38, 24.520000000000003], [54.38, 24.5]]]}, "properties": {"cell_id": "25_19", "zone_name": "", "demand": 34, "competitors": 0, "residential": 8, "industrial": 3, "residential_catchment": true, "coverage": 0, "covered_by": "", "nearest_group_km": 2.61, "opportunity": "SKIP", "reason": "Insufficient demand (34 retail POIs)."}}, {"type": "Feature", "geometry": {"type": "Polygon", "coordinates": [[[54.56, 24.4], [54.58, 24.4], [54.58, 24.42], [54.56, 24.42], [54.56, 24.4]]]}, "properties": {"cell_id": "20_28", "zone_name": "", "demand": 23, "competitors": 0, "residential": 2, "industrial": 6, "residential_catchment": false, "coverage": 0, "covered_by": "", "nearest_group_km": 1.23, "opportunity": "SKIP", "reason": "Insufficient demand (23 retail POIs)."}}, {"type": "Feature", "geometry": {"type": "Polygon", "coordinates": [[[54.42, 24.52], [54.44, 24.52], [54.44, 24.540000000000003], [54.42, 24.540000000000003], [54.42, 24.52]]]}, "properties": {"cell_id": "26_21", "zone_name": "", "demand": 28, "competitors": 1, "residential": 14, "industrial": 2, "residential_catchment": true, "coverage": 0, "covered_by": "", "nearest_group_km": 2.24, "opportunity": "SKIP", "reason": "Insufficient demand (28 retail POIs)."}}, {"type": "Feature", "geometry": {"type": "Polygon", "coordinates": [[[54.6, 24.479999999999997], [54.62, 24.479999999999997], [54.62, 24.5], [54.6, 24.5], [54.6, 24.479999999999997]]]}, "properties": {"cell_id": "24_30", "zone_name": "Yas Island, Abu Dhabi", "demand": 304, "competitors": 2, "residential": 2, "industrial": 4, "residential_catchment": false, "coverage": 1, "covered_by": "tt_yas_mall", "nearest_group_km": 0.5, "opportunity": "WATCH", "reason": "High demand (304 retail POIs) but already covered by 1 group site(s) and no residential catchment (2 residential vs 4 industrial land parcels within 2 km) - the demand is there but the resident customer base is not."}}, {"type": "Feature", "geometry": {"type": "Polygon", "coordinates": [[[54.660000000000004, 24.439999999999998], [54.68, 24.439999999999998], [54.68, 24.46], [54.660000000000004, 24.46], [54.660000000000004, 24.439999999999998]]]}, "properties": {"cell_id": "22_33", "zone_name": "", "demand": 27, "competitors": 5, "residential": 0, "industrial": 11, "residential_catchment": false, "coverage": 0, "covered_by": "", "nearest_group_km": 2.93, "opportunity": "SKIP", "reason": "Insufficient demand (27 retail POIs)."}}, {"type": "Feature", "geometry": {"type": "Polygon", "coordinates": [[[54.440000000000005, 24.4], [54.46, 24.4], [54.46, 24.42], [54.440000000000005, 24.42], [54.440000000000005, 24.4]]]}, "properties": {"cell_id": "20_22", "zone_name": "", "demand": 20, "competitors": 0, "residential": 1, "industrial": 1, "residential_catchment": false, "coverage": 0, "covered_by": "", "nearest_group_km": 2.87, "opportunity": "SKIP", "reason": "Insufficient demand (20 retail POIs)."}}, {"type": "Feature", "geometry": {"type": "Polygon", "coordinates": [[[54.52, 24.299999999999997], [54.54, 24.299999999999997], [54.54, 24.32], [54.52, 24.32], [54.52, 24.299999999999997]]]}, "properties": {"cell_id": "15_26", "zone_name": "", "demand": 45, "competitors": 6, "residential": 4, "industrial": 1, "residential_catchment": true, "coverage": 0, "covered_by": "", "nearest_group_km": 3.56, "opportunity": "SKIP", "reason": "Insufficient demand (45 retail POIs)."}}, {"type": "Feature", "geometry": {"type": "Polygon", "coordinates": [[[54.46, 24.4], [54.48, 24.4], [54.48, 24.42], [54.46, 24.42], [54.46, 24.4]]]}, "properties": {"cell_id": "20_23", "zone_name": "", "demand": 40, "competitors": 3, "residential": 0, "industrial": 3, "residential_catchment": false, "coverage": 0, "covered_by": "", "nearest_group_km": 2.34, "opportunity": "SKIP", "reason": "Insufficient demand (40 retail POIs)."}}, {"type": "Feature", "geometry": {"type": "Polygon", "coordinates": [[[54.64, 24.419999999999998], [54.66, 24.419999999999998], [54.66, 24.44], [54.64, 24.44], [54.64, 24.419999999999998]]]}, "properties": {"cell_id": "21_32", "zone_name": "", "demand": 31, "competitors": 2, "residential": 0, "industrial": 3, "residential_catchment": false, "coverage": 0, "covered_by": "", "nearest_group_km": 2.67, "opportunity": "SKIP", "reason": "Insufficient demand (31 retail POIs)."}}, {"type": "Feature", "geometry": {"type": "Polygon", "coordinates": [[[54.5, 24.34], [54.519999999999996, 24.34], [54.519999999999996, 24.360000000000003], [54.5, 24.360000000000003], [54.5, 24.34]]]}, "properties": {"cell_id": "17_25", "zone_name": "Musaffah, Abu Dhabi", "demand": 126, "competitors": 8, "residential": 0, "industrial": 15, "residential_catchment": false, "coverage": 0, "covered_by": "", "nearest_group_km": 3.58, "opportunity": "WATCH", "reason": "High demand (126 retail POIs) but no residential catchment (0 residential vs 15 industrial land parcels within 2 km) - the demand is there but the resident customer base is not."}}, {"type": "Feature", "geometry": {"type": "Polygon", "coordinates": [[[54.620000000000005, 24.279999999999998], [54.64, 24.279999999999998], [54.64, 24.3], [54.620000000000005, 24.3], [54.620000000000005, 24.279999999999998]]]}, "properties": {"cell_id": "14_31", "zone_name": "", "demand": 32, "competitors": 0, "residential": 4, "industrial": 0, "residential_catchment": true, "coverage": 1, "covered_by": "bd_baniyas", "nearest_group_km": 0.88, "opportunity": "SKIP", "reason": "Insufficient demand (32 retail POIs)."}}, {"type": "Feature", "geometry": {"type": "Polygon", "coordinates": [[[54.480000000000004, 24.34], [54.5, 24.34], [54.5, 24.360000000000003], [54.480000000000004, 24.360000000000003], [54.480000000000004, 24.34]]]}, "properties": {"cell_id": "17_24", "zone_name": "Musaffah Industrial Area, Abu Dhabi", "demand": 117, "competitors": 6, "residential": 1, "industrial": 15, "residential_catchment": false, "coverage": 0, "covered_by": "", "nearest_group_km": 5.41, "opportunity": "WATCH", "reason": "High demand (117 retail POIs) but no residential catchment (1 residential vs 15 industrial land parcels within 2 km) - the demand is there but the resident customer base is not."}}, {"type": "Feature", "geometry": {"type": "Polygon", "coordinates": [[[54.64, 24.279999999999998], [54.66, 24.279999999999998], [54.66, 24.3], [54.64, 24.3], [54.64, 24.279999999999998]]]}, "properties": {"cell_id": "14_32", "zone_name": "", "demand": 24, "competitors": 0, "residential": 5, "industrial": 0, "residential_catchment": true, "coverage": 1, "covered_by": "bd_baniyas", "nearest_group_km": 1.88, "opportunity": "SKIP", "reason": "Insufficient demand (24 retail POIs)."}}, {"type": "Feature", "geometry": {"type": "Polygon", "coordinates": [[[54.5, 24.4], [54.519999999999996, 24.4], [54.519999999999996, 24.42], [54.5, 24.42], [54.5, 24.4]]]}, "properties": {"cell_id": "20_25", "zone_name": "", "demand": 30, "competitors": 1, "residential": 2, "industrial": 3, "residential_catchment": false, "coverage": 0, "covered_by": "", "nearest_group_km": 1.75, "opportunity": "SKIP", "reason": "Insufficient demand (30 retail POIs)."}}, {"type": "Feature", "geometry": {"type": "Polygon", "coordinates": [[[54.68, 24.52], [54.699999999999996, 24.52], [54.699999999999996, 24.540000000000003], [54.68, 24.540000000000003], [54.68, 24.52]]]}, "properties": {"cell_id": "26_34", "zone_name": "", "demand": 31, "competitors": 3, "residential": 3, "industrial": 0, "residential_catchment": true, "coverage": 0, "covered_by": "", "nearest_group_km": 1.93, "opportunity": "SKIP", "reason": "Insufficient demand (31 retail POIs)."}}, {"type": "Feature", "geometry": {"type": "Polygon", "coordinates": [[[54.7, 24.58], [54.72, 24.58], [54.72, 24.6], [54.7, 24.6], [54.7, 24.58]]]}, "properties": {"cell_id": "29_35", "zone_name": "", "demand": 16, "competitors": 3, "residential": 1, "industrial": 3, "residential_catchment": false, "coverage": 0, "covered_by": "", "nearest_group_km": 8.21, "opportunity": "SKIP", "reason": "Insufficient demand (16 retail POIs)."}}, {"type": "Feature", "geometry": {"type": "Polygon", "coordinates": [[[54.34, 24.4], [54.36, 24.4], [54.36, 24.42], [54.34, 24.42], [54.34, 24.4]]]}, "properties": {"cell_id": "20_17", "zone_name": "", "demand": 18, "competitors": 0, "residential": 0, "industrial": 0, "residential_catchment": false, "coverage": 0, "covered_by": "", "nearest_group_km": 4.73, "opportunity": "SKIP", "reason": "Insufficient demand (18 retail POIs)."}}, {"type": "Feature", "geometry": {"type": "Polygon", "coordinates": [[[54.68, 24.22], [54.699999999999996, 24.22], [54.699999999999996, 24.240000000000002], [54.68, 24.240000000000002], [54.68, 24.22]]]}, "properties": {"cell_id": "11_34", "zone_name": "", "demand": 16, "competitors": 0, "residential": 0, "industrial": 0, "residential_catchment": false, "coverage": 0, "covered_by": "", "nearest_group_km": 9.4, "opportunity": "SKIP", "reason": "Insufficient demand (16 retail POIs)."}}]}